url,local_path,bytes
http://1.bp.blogspot.com/-hKGCcCouiwc/UEBs1D69nKI/AAAAAAAAAGM/7iXURygn0d4/s320/Uthus+med+m%C3%A5l.png,data/images/orig/ext_a8f42adb9b93346d.png,145099
http://1.bp.blogspot.com/_bqd6FCtHBy4/Sc5szTwfFeI/AAAAAAAAACg/Y7YqzTH9fxY/s320/water+pipe+with+wire.jpg,data/images/orig/ext_779211e1e21b9b1d.jpg,14917
http://1.bp.blogspot.com/_bqd6FCtHBy4/SdBhxat12dI/AAAAAAAAADA/-Lw2xmxgnGo/s320/garage+attic+space.jpg,data/images/orig/ext_a42cf05dddde0b80.jpg,27703
http://1.bp.blogspot.com/_bqd6FCtHBy4/SpzKHLHmoUI/AAAAAAAAAGo/yY8DhkUvExk/s320/stray+siding+nail+solution+1.jpg,data/images/orig/ext_3686c8017011b429.jpg,9696
http://2.bp.blogspot.com/_bqd6FCtHBy4/SdBjyOQXpdI/AAAAAAAAADI/THQ-rUSkkBU/s320/garage+attic+wire+pipe+junction.jpg,data/images/orig/ext_d1b91b2bed607a24.jpg,24905
http://3.bp.blogspot.com/-u7vqlQVtooo/UFgfupPCbOI/AAAAAAAAARU/xkK8fznrcjA/s640/Yttervegg.png,data/images/orig/ext_1175758bc848309c.png,306056
http://3.bp.blogspot.com/_aLUdsnpS_84/Sy_QSCq1zXI/AAAAAAAAAeo/y9hiQNOZBeM/s320/carport+011.jpg,data/images/orig/ext_620b7e064537ccca.jpg,19467
http://4.bp.blogspot.com/--d2iU14h96s/UFdDUL_T4gI/AAAAAAAAAPQ/2tzvp3EIS14/s320/P9170079.JPG,data/images/orig/ext_bd5e2111cd59c623.jpg,26869
"http://4.bp.blogspot.com/-52OT4u7F16E/UE3h3ufWeaI/AAAAAAAAAG4/iepOcwGZeLk/s320/Uthus+plan,+SkUp,+top.png",data/images/orig/ext_ff6370c2c216ad85.png,20259
"http://4.bp.blogspot.com/-7kTT9N3ZQsg/UFMOrUrz6fI/AAAAAAAAAIY/almWsQNFse8/s320/Lydstudio,+indre,+iso.png",data/images/orig/ext_f4b52a72b6d29722.png,33868
http://4.bp.blogspot.com/_bqd6FCtHBy4/Sfk_yyVlOwI/AAAAAAAAAEE/1-iaI8kDvDE/s320/water+pipe+sectional+-+solution+1.5.jpg,data/images/orig/ext_e24e2567d7de33d9.jpg,12165
http://4.bp.blogspot.com/_bqd6FCtHBy4/SpzJ-dLkiCI/AAAAAAAAAGg/2i3rgdqzM6Y/s320/Shimmed+wall+2.jpg,data/images/orig/ext_19cd68bdf1973fa5.jpg,12291
http://4.bp.blogspot.com/_bqd6FCtHBy4/SpzUDmE7X_I/AAAAAAAAAGw/uCt8EENjYcM/s320/Siding+nails.jpg,data/images/orig/ext_c13ac76dc4b43b5a.jpg,13632
http://american.redcross.org/images/content/pagebuilder/13060.gif,data/images/orig/ext_c554fda2edeb1a04.gif,1006
http://audio-database.com/AURATONE/speaker/5c.JPG,data/images/orig/ext_5c427192c6591f0d.jpg,33820
http://barefootsound.com/homerecording_images/THUMSUP.gif,data/images/orig/ext_a3b40fefb1eb48a5.gif,941
http://barefootsound.com/homerecording_images/soffit-existing.jpg,data/images/orig/ext_faca742f7f49b038.jpg,131091
http://bestsmileys.com/signs4/22.gif,data/images/orig/ext_42290b8f60717134.gif,928
http://bp2.blogger.com/__1OzjxCtHZI/RknIR2gos0I/AAAAAAAAAws/hRHTZsHs5i8/s400/Spanking.jpg,data/images/orig/ext_2f9b1a51ca720b87.jpg,34228
http://cdn.instructables.com/FG1/WRI3/FHQPF3KW/FG1WRI3FHQPF3KW.MEDIUM.jpg,data/images/orig/ext_913645543da7839a.jpg,49558
http://chrisheinrich.com/studio/ver25/live.jpg,data/images/orig/ext_cfbc358679b5b415.jpg,74396
http://clearsonic.com/assets/isopacC_big.jpg,data/images/orig/ext_b8eb9af836f85c67.jpg,45571
http://cloud.funda.nl/valentina_media/032/932/549_groot.jpg,data/images/orig/ext_d49b6ccee2e954f3.jpg,41724
http://dl.dropbox.com/u/1537287/CONTROL%202.jpg,data/images/orig/ext_ffc1e65d43a34400.jpg,30323
http://dl.dropbox.com/u/1537287/LANAU%202005/estudio26-2-05%25282%2529.jpg,data/images/orig/ext_d9b3e4c33df2fcd0.jpg,43433
http://dl.dropbox.com/u/1537287/MONTAJE%202.jpg,data/images/orig/ext_3882ae0146e63a0f.jpg,92270
http://duotoneaudio.com/pics/diagram.gif,data/images/orig/ext_efdd70ba9741a4b9.gif,14804
http://ec1.images-amazon.com/images/G/01/gifts/registries/wishlist/wishlist_titlenormal.gif,data/images/orig/ext_40eb1125b9e70785.gif,2493
http://edison.upc.es/curs/seguret/fotos/patol/foto28.JPG,data/images/orig/ext_68483a511b2b2184.jpg,7343
http://f.defaut.free.fr/photos/Studio/Amenagement/Control%20Room.jpg,data/images/orig/ext_184ffe4016c8a7e9.jpg,45938
http://fld.server101.com/CZ_studio_11_06.jpg,data/images/orig/ext_4911754c8c21a5c0.jpg,60908
http://forums.randi.org/images/smilies/bananas/bananalama.gif,data/images/orig/ext_84e7f70a5ce3987d.gif,24375
http://goto.glocalnet.net/basjohan1/studiodesign/Floor_plan.GIF,data/images/orig/ext_844a7344926b3072.gif,3801
http://goto.glocalnet.net/basjohan1/studiodesign/Kontrollrum1+2stor.JPG,data/images/orig/ext_389f5d98f07e8281.jpg,56029
http://goto.glocalnet.net/basjohan1/studiodesign/Studio+ISO_skiss.JPG,data/images/orig/ext_be5321e68a7aaf2d.jpg,252178
http://home.exetel.com.au/davo/pics/construction/corner%20detail4,data/images/orig/ext_1d8098bf36de0d9f.jpg,25111
http://home.exetel.com.au/davo/pics/construction/inside-corner-detail5.JPG,data/images/orig/ext_552c170fa45a9291.jpg,18003
http://home.exetel.com.au/davo/pics/construction/resilient%20mount1,data/images/orig/ext_b105514c1fcbf518.jpg,17184
http://home.exetel.com.au/davo/pics/construction/resilient%20mount2,data/images/orig/ext_ab70db0e14bf77db.jpg,13315
http://home.exetel.com.au/davo/pics/construction/windows%20system,data/images/orig/ext_42ea35708180e5e5.jpg,23096
http://home.surewest.net/sharward/studio/fiber-small.jpg,data/images/orig/ext_65f5ba2b435be2f2.jpg,49788
http://home.surewest.net/sharward/studio/furringstrip-small.jpg,data/images/orig/ext_d964a562a68a18a7.jpg,37197
http://home.surewest.net/sharward/studio/overgaragenortheast3-small.jpg,data/images/orig/ext_132923c71474f648.jpg,55005
http://i.imgur.com/0ooUc0l.png,data/images/orig/ext_2e5400724434ecad.png,221228
http://i.imgur.com/17MMOVb.jpg,data/images/orig/ext_d379b2194de4d86a.jpg,83592
http://i.imgur.com/2Rh7cwd.jpg,data/images/orig/ext_a76d42fc0d39ae03.jpg,112667
http://i.imgur.com/2tmXBp3.png,data/images/orig/ext_a4f7a9d1003f4b5a.png,551842
http://i.imgur.com/4ufHkoc.jpg,data/images/orig/ext_177b79861961a32f.jpg,117492
http://i.imgur.com/4zUbC2x.jpg,data/images/orig/ext_417fa89749585bab.jpg,98618
http://i.imgur.com/5c3URVa.jpg,data/images/orig/ext_b29264f66a89faa8.jpg,121286
http://i.imgur.com/5cwd3Z8.jpg,data/images/orig/ext_e1d0fd31f89234f9.jpg,68302
http://i.imgur.com/5jQ2vxN.jpg,data/images/orig/ext_ea29b0947915449f.jpg,153265
http://i.imgur.com/6NUlJGG.jpg,data/images/orig/ext_7febaad27daac1c4.jpg,215840
http://i.imgur.com/7sfKJWI.png,data/images/orig/ext_668119a600a92f18.png,726307
http://i.imgur.com/8IiOSEC.jpg,data/images/orig/ext_0fd7669b9b605aad.jpg,106107
http://i.imgur.com/9o5RiG6.jpg,data/images/orig/ext_2abbb4fbdd80958d.jpg,232909
http://i.imgur.com/B8mAYRc.jpg,data/images/orig/ext_854a16c1f8bcb009.jpg,396264
http://i.imgur.com/BngnpI1.jpg,data/images/orig/ext_da8a14c9eb4d80fa.jpg,75736
http://i.imgur.com/Br1U1iO.jpg,data/images/orig/ext_0219504558ed784f.jpg,19552
http://i.imgur.com/CfxGtsp.jpg,data/images/orig/ext_b9be788b75205803.jpg,70601
http://i.imgur.com/DOQSIlU.jpg,data/images/orig/ext_d839c415b3653a89.jpg,61399
http://i.imgur.com/DuDRBwg.jpg,data/images/orig/ext_ac12685551d779b9.jpg,98047
http://i.imgur.com/Gjk2hgr.jpg,data/images/orig/ext_c3d9bc82f8bf5eec.jpg,53390
http://i.imgur.com/HtDVV3T.jpg,data/images/orig/ext_3ed99d5a9d3ffc9f.jpg,32264
http://i.imgur.com/IFZY3hR.jpg,data/images/orig/ext_1f36184b83e01280.jpg,39965
http://i.imgur.com/K7jJs.jpg,data/images/orig/ext_5db55ed0c0504485.jpg,51022
http://i.imgur.com/KlTtKA8.jpg,data/images/orig/ext_b5b389a49687a2fa.jpg,101393
http://i.imgur.com/NiAyMY1.jpg,data/images/orig/ext_b1d2adcbea3eaaf2.jpg,107355
http://i.imgur.com/OI4Lm7h.jpg,data/images/orig/ext_e3bd2f3fa7032b0b.jpg,55646
http://i.imgur.com/OTDZlKU.jpg,data/images/orig/ext_c3b1470d7aa65352.jpg,46475
http://i.imgur.com/OoVRkrA.jpg,data/images/orig/ext_a5735ed200c2e21b.jpg,155659
http://i.imgur.com/P0Tc8yJ.jpg,data/images/orig/ext_890ab08a45bf4ee3.png,37836
http://i.imgur.com/PBQf2Hm.jpg,data/images/orig/ext_f341e5fa08bbcbb8.jpg,94501
http://i.imgur.com/RImo5Sx.jpg,data/images/orig/ext_fc568c7899163e50.jpg,56553
http://i.imgur.com/ReGOTBk.jpg,data/images/orig/ext_55e4e9fca23c974a.jpg,102598
http://i.imgur.com/TumggYG.jpg,data/images/orig/ext_3d97473015517de2.jpg,156702
http://i.imgur.com/UzAHGMQ.jpg,data/images/orig/ext_4ccad39c0dadd189.jpg,71103
http://i.imgur.com/X05EN0B.jpg,data/images/orig/ext_dd027218370ba8c0.jpg,42380
http://i.imgur.com/YZnY2CN.png,data/images/orig/ext_1f0338d4bef61cde.png,728703
http://i.imgur.com/ao9BSSs.jpg,data/images/orig/ext_4c094f7a9c1c950a.jpg,41340
http://i.imgur.com/ey20oZm.jpg,data/images/orig/ext_e476bec06dfba75a.jpg,87618
http://i.imgur.com/fw1YDXI.jpg,data/images/orig/ext_d7a743852e31efe0.jpg,120121
http://i.imgur.com/h2UJzsz.jpg,data/images/orig/ext_a564b548a3cb154b.jpg,107944
http://i.imgur.com/i2x4cZQ.jpg,data/images/orig/ext_efa8f5bf6c5eebbf.jpg,94902
http://i.imgur.com/jVldg.jpg,data/images/orig/ext_185cc73fa38ef30d.jpg,49962
http://i.imgur.com/ksNLmz4.jpg,data/images/orig/ext_1744fec4f33baec5.jpg,155490
http://i.imgur.com/nLJbm.jpg,data/images/orig/ext_505465238e30de29.jpg,66837
http://i.imgur.com/nqlkDe5.jpg,data/images/orig/ext_54598070b0561e2f.jpg,157055
http://i.imgur.com/qjYSk26.png,data/images/orig/ext_b856492c708c24cc.png,695682
http://i.imgur.com/qzuNX.jpg,data/images/orig/ext_664b62a1ba929ea1.jpg,111093
http://i.imgur.com/r1FSG9x.jpg,data/images/orig/ext_bd5a070701f991c1.jpg,49711
http://i.imgur.com/rbn1AMs.jpg,data/images/orig/ext_a33f06df7b35bd9f.jpg,104791
http://i.imgur.com/ttAgR.jpg,data/images/orig/ext_f0d6300e1b5509b9.jpg,11281
http://i.imgur.com/uYuLLVn.jpg,data/images/orig/ext_ca853e7844f0cdbd.jpg,201795
http://i.imgur.com/v3Dbd2n.jpg,data/images/orig/ext_21b8a6f70f60f626.jpg,105240
http://i.imgur.com/vrOMkCC.jpg,data/images/orig/ext_dd1469e727001fe7.jpg,53457
http://i.imgur.com/w4QN1VB.jpg,data/images/orig/ext_05d480c8920a16de.jpg,117153
http://i.imgur.com/yG735mr.jpg,data/images/orig/ext_f701177aed868645.jpg,97815
http://i.ytimg.com/vi/yOATHSgpnJE/0.jpg,data/images/orig/ext_22b1e55c84a7c6ea.jpg,21807
http://i103.photobucket.com/albums/m140/da0b1/AR-overPERSP.gif,data/images/orig/ext_6040c3c214de1f24.gif,115879
http://i1178.photobucket.com/albums/x365/ashfender150/internet%20objects/1A.jpg,data/images/orig/ext_a77e1b667fd7a6ac.jpg,73652
http://i1307.photobucket.com/albums/s581/chrsanchezca/LAview_zpse4574999.jpg,data/images/orig/ext_9a5933cd4049c56d.jpg,107935
http://i1307.photobucket.com/albums/s581/chrsanchezca/STUDIOFLOORPLANdimensions_zpsc0262da1.jpg,data/images/orig/ext_d4d5f3f2ccc4a738.jpg,45506
http://i1307.photobucket.com/albums/s581/chrsanchezca/bareroom_zps4f0ebad9.jpg,data/images/orig/ext_7bd672f73873338b.jpg,5954
http://i148.photobucket.com/albums/s1/bigwake/DCP_2313.jpg,data/images/orig/ext_85c3f08144f191f0.jpg,40029
http://i148.photobucket.com/albums/s1/bigwake/DCP_2315.jpg,data/images/orig/ext_cd3055e34cd55ddb.jpg,36076
http://i148.photobucket.com/albums/s1/bigwake/DCP_2316.jpg,data/images/orig/ext_ab09042dd4f7249b.jpg,42005
http://i148.photobucket.com/albums/s1/bigwake/DCP_2332.jpg,data/images/orig/ext_ae9c72f204471d74.jpg,31516
http://i148.photobucket.com/albums/s1/bigwake/DCP_2333.jpg,data/images/orig/ext_765f365d5f974b39.jpg,32734
http://i148.photobucket.com/albums/s1/bigwake/DCP_2334.jpg,data/images/orig/ext_d991f47562f47129.jpg,27003
http://i148.photobucket.com/albums/s1/bigwake/DCP_2336.jpg,data/images/orig/ext_b91def3a63a1629b.jpg,53550
http://i195.photobucket.com/albums/z194/m2uso/128-2839_IMG.jpg,data/images/orig/ext_8c5591768cfe9eaa.jpg,26376
http://i46.tinypic.com/11gp061.jpg,data/images/orig/ext_1e5f18468292b2a1.jpg,15616
http://i46.tinypic.com/2na718o.jpg,data/images/orig/ext_0a7186ef1af8484a.jpg,15616
http://i47.tinypic.com/25rlh5w.jpg,data/images/orig/ext_efea31ef9f30eb8a.jpg,15616
http://i47.tinypic.com/29cl63s.jpg,data/images/orig/ext_4ef275618d70b93f.jpg,15616
http://i48.tinypic.com/34exeea.jpg,data/images/orig/ext_68e196b258f931ee.jpg,15616
http://i49.tinypic.com/1zzqpe9.jpg,data/images/orig/ext_338ef154cf669086.jpg,15616
http://i50.tinypic.com/14ybrk.jpg,data/images/orig/ext_781aba564b9407c8.jpg,15616
http://i50.tinypic.com/2lu2kw9.jpg,data/images/orig/ext_61b14df025cfb7a0.jpg,15616
http://i64.tinypic.com/r7m8pc.jpg,data/images/orig/ext_0783e85e19b0f087.jpg,15616
http://i65.tinypic.com/2884d2v.jpg,data/images/orig/ext_713f40590340172d.jpg,15616
http://i7.photobucket.com/albums/y274/chungsteroonie/IMG_1743.jpg,data/images/orig/ext_87747ce829d8f202.jpg,108198
http://i7.photobucket.com/albums/y274/chungsteroonie/IMG_1746.jpg,data/images/orig/ext_ffcc3eb84b325147.jpg,96674
http://i7.photobucket.com/albums/y274/chungsteroonie/IMG_1769.jpg,data/images/orig/ext_90d8a52764787118.jpg,87787
http://i7.photobucket.com/albums/y274/chungsteroonie/IMG_1771.jpg,data/images/orig/ext_91f8b4fbbf3d18be.jpg,117574
http://i7.photobucket.com/albums/y274/chungsteroonie/IMG_1772.jpg,data/images/orig/ext_5bb48d2a7f71fa01.jpg,107659
http://i7.photobucket.com/albums/y274/chungsteroonie/IMG_1773.jpg,data/images/orig/ext_84d8ff8a25612c36.jpg,113082
http://i7.photobucket.com/albums/y274/chungsteroonie/bathroom2.jpg,data/images/orig/ext_44f39002a670c824.jpg,119715
http://i7.photobucket.com/albums/y274/chungsteroonie/concrete2.jpg,data/images/orig/ext_e0b47b333dc1fc70.jpg,108035
http://i7.photobucket.com/albums/y274/chungsteroonie/concrete4.jpg,data/images/orig/ext_38a4e9c7c5c18b89.jpg,102626
http://i7.photobucket.com/albums/y274/chungsteroonie/loft.jpg,data/images/orig/ext_8d69c4161289d55b.jpg,47287
http://i8.photobucket.com/albums/a16/xtrafly/FLYsstudioprogress2.jpg,data/images/orig/ext_b25a043727447b20.jpg,42800
http://i8.photobucket.com/albums/a16/xtrafly/FLYsstudioprogress6.jpg,data/images/orig/ext_aa75438520a53bfd.jpg,36557
http://i8.photobucket.com/albums/a16/xtrafly/FLYsstudioprogress9.jpg,data/images/orig/ext_b022eb481fae6cbb.jpg,38691
http://i81.photobucket.com/albums/j204/Nerol25/100_0675.jpg,data/images/orig/ext_05ddca3e842c20b2.png,7211
http://i81.photobucket.com/albums/j204/Nerol25/100_0682.jpg,data/images/orig/ext_7cd2ca3de8960853.png,7211
http://i848.photobucket.com/albums/ab44/kasalnini/studio-2.jpg,data/images/orig/ext_fb16d176fd0c8cde.jpg,83435
http://idoia.com/studio/images/burried.jpg,data/images/orig/ext_ca20bb8e892b558d.jpg,15955
http://idoia.com/studio/images/wall1.jpg,data/images/orig/ext_a9eec148a0e38374.jpg,14109
http://images.digitalmedianet.com/2007/Week_52/omk1l6jw/story/001_mxl_&_booth.jpg,data/images/orig/ext_0485be1ea2bf613e.jpg,88471
http://images.orgill.com/200x200/5576871.JPG,data/images/orig/ext_24c985ed7335414e.jpg,5178
http://images.orgill.com/200x200/6334569.jpg,data/images/orig/ext_76b8e4b83aa83d3f.jpg,9497
http://images.scrippsweb.com/DIY/2004/03/22/dhiq112_2fe_e.jpg,data/images/orig/ext_2a2cf08124d4b829.jpg,29936
http://img.dailymail.co.uk/i/pix/2007/09_02/GorillaDrumsL_468x233.jpg,data/images/orig/ext_1324706456a528ed.jpg,74855
http://img.diynetwork.com/DIY/2011/07/05/RX-DK-DIY366011_hat-channels-With-Labels_s4x3_lg.jpg,data/images/orig/ext_580bf8fb651fceff.jpg,47430
http://img.photobucket.com/albums/v18/mjf1982/jamesamps/hettriaxis.jpg,data/images/orig/ext_7e47a8698bf007a1.jpg,110974
http://img135.exs.cx/img135/1369/phto00258ez.jpg,data/images/orig/ext_37d39a454d082451.jpg,33219
http://img835.imageshack.us/img835/2738/studioa.jpg,data/images/orig/ext_3cf64f1a4c6d56ce.jpg,78017
http://inspectapedia.com/interiors/Plaster_lath021-DJFs.jpg,data/images/orig/ext_bf2e76ae5477c2fb.jpg,93194
http://lanauestudi.com/Images/plano_estudi.jpg,data/images/orig/ext_6e9a7f9c29aa0afa.jpg,6170
http://lh3.ggpht.com/_JwlkJaY2IB8/TABeoxHLv1I/AAAAAAAADVI/5v7XqymIfEM/s640/P1320054.JPG,data/images/orig/ext_70a23ce4a9ac0254.jpg,103158
http://lh6.ggpht.com/_JwlkJaY2IB8/TABepoq_91I/AAAAAAAADVM/qRcYCl1aQqg/s512/P1320055.JPG,data/images/orig/ext_3ca9681b5ac2fd02.jpg,78291
http://library.thinkquest.org/22915/parabolic2.gif,data/images/orig/ext_5e0f4d28a14f2f7c.gif,6451
http://lightingdesignlab.com/articles/fluor/fluorT8_T12.jpg,data/images/orig/ext_57dacbb452a92d8b.jpg,9614
http://marcdobson.com/studio/Construct/ABC_access.jpg,data/images/orig/ext_8a4a07e824beda54.jpg,19286
http://marcdobson.com/studio/Construct/Atticgable.jpg,data/images/orig/ext_81ea69c2c919817b.jpg,68922
http://marcdobson.com/studio/Construct/E_wall_section.jpg,data/images/orig/ext_e69251ceebc52c7a.jpg,60267
http://marcdobson.com/studio/Construct/MD_Patio_before.jpg,data/images/orig/ext_c1d45b93058490a2.jpg,64178
http://marcdobson.com/studio/Construct/MD_demowall.jpg,data/images/orig/ext_6dbcaaaba648da4e.jpg,31482
http://marcdobson.com/studio/Construct/MD_design_Feb12.jpg,data/images/orig/ext_7db1abc19de47e25.jpg,33633
http://marcdobson.com/studio/Construct/MD_garage_before.jpg,data/images/orig/ext_dd94d179310884fa.jpg,28108
http://marcdobson.com/studio/Construct/MD_outline.jpg,data/images/orig/ext_95e7e6eea0c39226.jpg,27419
http://marcdobson.com/studio/Construct/NE_corner.jpg,data/images/orig/ext_054793646df4f510.jpg,67360
http://marcdobson.com/studio/Construct/NE_wall_cross_section.jpg,data/images/orig/ext_c84a7daee74bbba2.jpg,60257
http://marcdobson.com/studio/Construct/NW_corner.jpg,data/images/orig/ext_ead635c13e7eb98b.jpg,50731
http://marcdobson.com/studio/Construct/N_mid.jpg,data/images/orig/ext_12b586837d0f32c2.jpg,62942
http://marcdobson.com/studio/Construct/SE_corner.jpg,data/images/orig/ext_5c44dfd262150cbb.jpg,58867
http://marcdobson.com/studio/Construct/SW_corner.jpg,data/images/orig/ext_0ca8f9ed9ff2d324.jpg,63235
http://marcdobson.com/studio/Construct/S_mid.jpg,data/images/orig/ext_7141cf5efe9b7477.jpg,83902
http://marcdobson.com/studio/Construct/Safety_Kid_Cavin.jpg,data/images/orig/ext_104d0007ecc42ec5.jpg,44199
http://marcdobson.com/studio/Construct/Wall_Names.jpg,data/images/orig/ext_9bee4932c3118ca7.jpg,84390
http://marcdobson.com/studio/MD_House_Outside_Patio_NW.jpg,data/images/orig/ext_9340a3a6928210a5.jpg,72263
http://marcdobson.com/studio/new-room-desire.jpg,data/images/orig/ext_e8013091623c8617.jpg,33054
http://marcdobson.com/studio/sketch/B_Options_1.jpg,data/images/orig/ext_c424b272f101ab70.jpg,21534
http://marcdobson.com/studio/sketch/B_Options_2.jpg,data/images/orig/ext_903fd918c6f82328.jpg,18549
http://marcdobson.com/studio/sketch/B_Options_3.jpg,data/images/orig/ext_4ec37be26b0d0cab.jpg,22168
http://marcdobson.com/studio/sketch/MD_2D_east.jpg,data/images/orig/ext_a388c67dc10165c9.jpg,23697
http://marcdobson.com/studio/sketch/MD_2D_west_2slots.jpg,data/images/orig/ext_29b1229bf00254af.jpg,22047
http://marcdobson.com/studio/sketch/MD_2D_west_roomoff_6.jpg,data/images/orig/ext_76548b60df409580.jpg,24334
http://marcdobson.com/studio/sketch/MarcDobson_2D_east_0.jpg,data/images/orig/ext_03882c4304aa3355.jpg,33633
http://marcdobson.com/studio/sketch/MarcDobson_2D_east_1.jpg,data/images/orig/ext_74d63d8dd36943dd.jpg,34140
http://marcdobson.com/studio/whole-house.jpg,data/images/orig/ext_3425c693a04559ea.jpg,24752
http://masacoustics.it/wp-content/uploads/2015/07/Schermata-Grafico-Assorbimento-acustico.jpg,data/images/orig/ext_d18a65cb08043519.jpg,88698
http://mixguides.com/studiomonitors/Reviews/Spendor-SA300.WEB.jpg,data/images/orig/ext_b950466755e8858e.jpg,3356
http://monyscurry.tripod.com/pengrandy4.gif,data/images/orig/ext_e7bc9a6db56c3145.gif,14915
http://p9.storage.canalblog.com/98/16/953989/73066775.jpg,data/images/orig/ext_aa883e2130da5cda.jpg,75126
http://perso.wanadoo.es/josep.tvrdy/555%20glass.JPG,data/images/orig/ext_71651058bd1ac989.jpg,32260
http://perso.wanadoo.fr/echelles.neressy.cristofeni/PMR-alu-modif-2.jpg,data/images/orig/ext_c333f6c2d4f16186.jpg,12709
http://philipnewell.net/img/foley-control-room.jpg,data/images/orig/ext_3098a5bc9bad713a.jpg,716577
http://portal.danosa.com/media/4Familia_TITULO_FOTO+F213+L1+1.jpg,data/images/orig/ext_a4c64a40646bf19e.jpg,14336
http://realtraps.com/art_room-setup1.gif,data/images/orig/ext_63bf6e4938532a8f.gif,19468
http://reginiano.com/images/stories/outside-pic.jpg,data/images/orig/ext_291cd7a2defd4bb1.jpg,21477
http://reginiano.com/images/stories/studio-new-s.jpg,data/images/orig/ext_bfb48c7e76372857.jpg,20306
http://s.hswstatic.com/gif/house-slab.gif,data/images/orig/ext_d6720370d446fb61.gif,17225
http://s0.geograph.org.uk/photos/02/37/023759_35b464c8.jpg,data/images/orig/ext_77f53ed37ade9024.jpg,72240
http://s1.simpload.com/062742c055ed97ddb.jpg,data/images/orig/ext_1db79c40a9ad935f.jpg,58849
http://safavieh.com/images/rugs/shag/small/sg240v%20classic%20shag%20ultra-2.jpg,data/images/orig/ext_2c0ca694747919a7.jpg,9558
http://sanderspianostudio.com/samples/studio/atticVent2.gif,data/images/orig/ext_d3b976a09fbd6116.gif,31514
http://sanderspianostudio.com/samples/studio/garageInside1.jpg,data/images/orig/ext_d286281fbf9bc140.jpg,41619
http://sanderspianostudio.com/samples/studio/garageInside2.jpg,data/images/orig/ext_77eb7b183ebb41c5.jpg,44718
http://sanderspianostudio.com/samples/studio/garageSide1.jpg,data/images/orig/ext_3230d66d07ad2fb6.jpg,49570
http://sanderspianostudio.com/samples/studio/studio3angle.jpg,data/images/orig/ext_7a1394a5d9bfb957.jpg,220361
http://sanderspianostudio.com/samples/studio/studio3floorplan.jpg,data/images/orig/ext_515e7059da613eee.jpg,146112
http://sanderspianostudio.com/samples/studio/studio3withroof.jpg,data/images/orig/ext_ff548817e3129ddc.jpg,61148
http://sanderspianostudio.com/samples/studio/truss.gif,data/images/orig/ext_f117738a3e3e1b26.gif,175794
http://sanderspianostudio.com/samples/studio/truss2.gif,data/images/orig/ext_0b87e16448d62019.gif,320838
http://shup.com/shup!/555569/G-Sun-studio-build.png,data/images/orig/ext_552e5cbc2e648b70.png,34266
http://skylabstudios.com/srs/wp-content/uploads/2019/05/Mastering-Room_Tyler-D2X-02.jpg,data/images/orig/ext_6373ce5f3e44207a.jpg,96668
http://static.howstuffworks.com/gif/how-to-fix-holes-in-drywall-2.jpg,data/images/orig/ext_e77c9ae72f4f784a.jpg,9349
http://surfaceproaudio.com/wp-content/uploads/2015/07/flst12-touch-eq_out.jpg,data/images/orig/ext_1f97b4ec34128ad7.jpg,602687
http://swbg1.tripod.com/corner_stack.jpg,data/images/orig/ext_eeb6296dc550d388.jpg,64517
http://teresaudio.com/haven/traps/trap4.jpg,data/images/orig/ext_9adcda8cbcf4c463.jpg,5042
http://tms.plala.jp/jpeg/audio/jbl4333A_018.jpg,data/images/orig/ext_202f7faa0e1f3b30.jpg,66815
http://users.pandora.be/plvl/ikke/drum/isolatie.jpg,data/images/orig/ext_fe9b0178544ce7d3.jpg,25082
http://webapps.easy2.com/cm/images_ht/diy0123_drywallceiling_over.gif,data/images/orig/ext_d0f882ec2094db28.gif,4538
http://weblog.qantm.nl/wp-content/uploads/2007/03/jon_picking_his_nose.jpg,data/images/orig/ext_26fa5242b8153421.jpg,42876
http://webs.demasiado.com/tebeweb/armascocobis.jpg,data/images/orig/ext_9fd544841e6b3dda.jpg,65495
http://westcoastsoundsolutions.com/sites/default/files/wallAssembliesBest.gif,data/images/orig/ext_562aa2e5b070f9b5.gif,15289
http://wiseminds.no-ip.com/images/DragonNote%20-%20%20Logo_07.jpg,data/images/orig/ext_d111306299002fa0.jpg,52939
http://wiseminds.no-ip.com/images/FinishedControlRoom.jpg,data/images/orig/ext_9190a96818ce8fbe.jpg,123112
http://wiseminds.no-ip.com/images/LiveRoomDone021506WEB.jpg,data/images/orig/ext_5585265329555494.jpg,98013
http://www.1728.com/resistrs.gif,data/images/orig/ext_b7700e3a01e6cf58.gif,1995
http://www.acousticalsolutions.com/images/products/sound_diffusors/rpg/skyline/rpg_diffusers_skyline.jpg,data/images/orig/ext_2b69fce0b87c3eb4.jpg,44691
http://www.acousticalsurfaces.com/rsic_clips/images/isolation_clips.gif,data/images/orig/ext_9d2ee021df195d7d.gif,20164
http://www.acousticalsurfaces.com/wall_insulation/images/ultra_kids.jpg,data/images/orig/ext_3bafe43db2ecca03.jpg,21794
http://www.acoustics101.com/common/figure3_1a.jpg,data/images/orig/ext_1ef1a04692f9fd0f.jpg,286291
http://www.acoustics101.com/common/figure3_3c.jpg,data/images/orig/ext_acb8c2d9a274e349.jpg,74499
http://www.acoustics101.com/images/RFZ_Room.gif,data/images/orig/ext_0be86173d85abbeb.gif,9041
http://www.acusticaintegral.com/productos/absorbentes/Acustikell%20B201/kell201.jpg,data/images/orig/ext_82ce3c4023471733.jpg,22169
http://www.alarm.de/security/assets/big/elro4.jpg,data/images/orig/ext_3939534baaca1ed8.jpg,36403
http://www.allboards.com.au/images/shop/Divider.jpg,data/images/orig/ext_1eacebeec5767ee9.jpg,16995
http://www.ambassador-inmobiliaria.com/amplia/v6105/images/interior-12.jpg,data/images/orig/ext_1760d6aa0a7aded5.jpg,21777
http://www.apexbuilding.com/images/doors2.jpg,data/images/orig/ext_a9afc7c1a0e3328c.jpg,12609
http://www.arlyn-pedernales.com/pweb/sm_ped.jpg,data/images/orig/ext_d33c253af294e7c9.jpg,27378
http://www.armstrong.com/pdbupimages/47112170.gif,data/images/orig/ext_330aaec8a4cd6836.gif,15547
http://www.artsupply.com/alvin/PL-2522cc-D.jpg,data/images/orig/ext_2e8688de1c6d869d.jpg,4003
http://www.askopan.com/urunresim1.php?id=31,data/images/orig/ext_3871cf61061894f4.jpg,4123461
http://www.audioreview.com/channels/audioreview/images/products/product_120821.jpg,data/images/orig/ext_92c2d31b273ec6a2.jpg,5626
http://www.auralex.com/acoustic_sealant_stopgap/SG.gif,data/images/orig/ext_e0ce84cd3d3bb464.gif,7364
http://www.auralexelite.com/resources/RC8_ProductPage_Image.jpg,data/images/orig/ext_11f655bfd0e56a4e.jpg,21485
http://www.ausitrade.com/premium/calstock/new09.jpg,data/images/orig/ext_33449f6dde9753ee.jpg,19784
http://www.avsforum.com/photopost/data/2313715/3/38/38332056_DoubleLeafwithPartialInsulation.jpeg,data/images/orig/ext_829e9a6ab938a9c1.jpg,76700
http://www.axholme-fhs.org.uk/images/Crowle%20Babtist.jpg,data/images/orig/ext_31960aa8e43c18eb.jpg,47794
http://www.baronaudio.com/images/control3.jpg,data/images/orig/ext_6c59e952e83459e1.jpg,62399
http://www.baronaudio.com/images/control4.jpg,data/images/orig/ext_53eec2a7f7eeb140.jpg,118233
http://www.baronaudio.com/images/lostart5.jpg,data/images/orig/ext_6c84101b242535d9.jpg,62416
http://www.blackhatrecording.com/studio2.jpg,data/images/orig/ext_90235df11ca84d46.jpg,509869
http://www.blackhatrecording.com/studio5.jpg,data/images/orig/ext_02ecf58f6129ba06.jpg,512145
http://www.blackhatrecording.com/wiringdiagram.jpg,data/images/orig/ext_6aa9417a07359ad1.jpg,129792
http://www.blackhatrecording.com/wiringdiagram2.jpg,data/images/orig/ext_b1a45686092ad76a.jpg,277379
http://www.blackhatrecording.com/wiringdiagram3.jpg,data/images/orig/ext_481f29d6271cb8e6.jpg,300826
http://www.bobgolds.com/Absorber/OLD/IMG_0154.jpg,data/images/orig/ext_c65d47c11d42fc83.jpg,213645
http://www.bobgolds.com/Absorber/OLD/IMG_0157.jpg,data/images/orig/ext_ac5a57abe8bf01ac.jpg,213564
http://www.bobgolds.com/Absorber/OLD/IMG_0162.jpg,data/images/orig/ext_d2b53a96b97bb980.jpg,231715
http://www.bobgolds.com/AbsorbtionCoefficientsMultiLabs.jpg,data/images/orig/ext_64a13a9f674cba4d.jpg,40982
http://www.bobgolds.com/BuildWall1_gap_mudtape.GIF,data/images/orig/ext_bcad7152178a9a3d.gif,6150
http://www.bobgolds.com/BuildWall2_zigzag.GIF,data/images/orig/ext_dfed25af1a2875ef.gif,7568
http://www.bobgolds.com/BuildWall2_zigzag2.GIF,data/images/orig/ext_56e288b6d5ce72bf.gif,5910
http://www.bobgolds.com/BuildWall2_zigzag3.GIF,data/images/orig/ext_4da26a53f886960d.gif,7326
http://www.bobgolds.com/FloorSurfaceAreaDensity3.JPG,data/images/orig/ext_2e008d9c58d85aa9.jpg,28214
http://www.bobgolds.com/LemonAudio_RoomModes.GIF,data/images/orig/ext_5391c3015ff928fb.gif,56162
http://www.bobgolds.com/MasterHandbookOfAcoustics_Modes_pg283.jpg,data/images/orig/ext_938f29855666f747.jpg,58569
http://www.bobgolds.com/TrapDave/Dave%20MVC-003S.jpg,data/images/orig/ext_f3712c8324f6807e.jpg,11696
http://www.bobgolds.com/TrapHarder/Corner%20Trap%20Picture0010.jpg,data/images/orig/ext_cf104c7a775bc00c.jpg,131583
http://www.bobgolds.com/WallCharts/Insul%20Concrete%208%20TL.GIF,data/images/orig/ext_06725efda4482390.gif,3832
http://www.bobgolds.com/WallCharts/Insul%20Concrete%208%20wall.GIF,data/images/orig/ext_881e9e4f70fdcff3.gif,4323
http://www.bobgolds.com/WallCharts/NoiseEnter_NoiseLeaving_JeffCooper_pg35.jpg,data/images/orig/ext_d3d24a610d7f3410.jpg,84028
http://www.bolophonic.net/images/basement/Basement1.JPG,data/images/orig/ext_9d49e950b1bfb5f6.jpg,111652
http://www.bolophonic.net/images/basement/Basement2.JPG,data/images/orig/ext_e366abdc8cc31fba.jpg,100388
http://www.bolophonic.net/images/basement/Ceiling.JPG,data/images/orig/ext_d2ae7a1c7a002f2a.jpg,106148
http://www.bolophonic.net/images/basement/Fusebox.JPG,data/images/orig/ext_e2d0fb06cccb2944.jpg,95060
http://www.bolophonic.net/images/basement/WaterHeater.JPG,data/images/orig/ext_764c22fe82d6bd70.jpg,100835
http://www.brianbendermusic.com/Studio%20Design%20Forum%20Photos/Back%20to%20Plan%20A%20-%20Revised%20with%20Corner%20Plan.jpg,data/images/orig/ext_b54decce61d39f76.jpg,112873
http://www.brianbendermusic.com/Studio%20Design%20Forum%20Photos/Design%20B%20Ideas/Design%20B3%20-%20Lachot%20and%20Winer%20One-Room%20Plan%20%2b%202%20rooms.jpg,data/images/orig/ext_f9f8c33b162ec059.jpg,109302
http://www.brianbendermusic.com/Studio%20Design%20Forum%20Photos/Design%20B%20Ideas/Design%20B3%20-%20Lachot%20and%20Winer%20One-Room%20Plan%20%2b%20drum%20room.jpg,data/images/orig/ext_f6327c97a9f43104.jpg,106653
http://www.brianbendermusic.com/Studio%20Design%20Forum%20Photos/Garage%20Measurements.JPG,data/images/orig/ext_98ecc34b8fa327ec.jpg,37882
http://www.brianbendermusic.com/Studio%20Design%20Forum%20Photos/Plan%20D%20-%20Wes%20Lachot%20Plan%20%28tilted%29.jpg,data/images/orig/ext_3d00c5edc3774bfa.jpg,97557
http://www.build.com.au/files/styles/article_340x260/public/images/271_220_types_stumpflooringthumb.jpg?itok=fY6X7p-O,data/images/orig/ext_7f1ccf9c04eda12a.jpg,13942
http://www.buyplantationshutters.com/ready_made_shutters/images-04/view_o.jpg,data/images/orig/ext_e3b085fa38bab8ed.jpg,18194
http://www.cablesnmor.com/ProductImages/rj11-45-crimper.jpg,data/images/orig/ext_6fcdf84e9e369e09.jpg,8135
http://www.canadianhomeworkshop.com/quickfix/photos/driveway5.jpg,data/images/orig/ext_950770ef8d4ce975.jpg,5323
http://www.carlonsales.com/images/E945_.jpg,data/images/orig/ext_0ed92a6e1396ca3c.jpg,3551
http://www.cement.org.au/photographs/images/Clinker.jpg,data/images/orig/ext_9fca34c0690f9773.jpg,113126
http://www.chown.com/MrktPics/GIF480/M10024.GIF,data/images/orig/ext_f433f7c77d8c9285.gif,14441
http://www.consrv.ca.gov/CGS/rghm/pshamap/images/legend.png,data/images/orig/ext_b9697e2e42ffdf73.png,14566
http://www.contentedits.com/clientimages/1006/knockd6.jpg,data/images/orig/ext_387e58c1d04386a4.jpg,22773
http://www.contractorstoolsupply.com/bmz_cache/5/5a7024e4cb5fe8ffdd6de07a7be6da14.image.150x150.jpg,data/images/orig/ext_ce173a60160222d8.jpg,7775
http://www.craftedrecordings.com/wp-content/uploads/2007/10/100_1760_jpg.thumbnail.jpeg,data/images/orig/ext_58beff07be92793a.jpg,3805
http://www.craftedrecordings.com/wp-content/uploads/2007/10/100_1761_jpg.thumbnail.jpeg,data/images/orig/ext_2f3f652556d6cdb7.jpg,3967
http://www.craftedrecordings.com/wp-content/uploads/2007/10/100_1763_jpg.thumbnail.jpeg,data/images/orig/ext_7092bccd1267262d.jpg,3142
http://www.craftedrecordings.com/wp-content/uploads/2007/10/100_1764_jpg.thumbnail.jpeg,data/images/orig/ext_2dc91a926602dc40.jpg,3446
http://www.craftedrecordings.com/wp-content/uploads/2007/10/100_1766_jpg.thumbnail.jpeg,data/images/orig/ext_a7e793ccf7f4a929.jpg,3821
http://www.craftedrecordings.com/wp-content/uploads/2007/10/100_1767_jpg.thumbnail.jpeg,data/images/orig/ext_f03c22cb72c259de.jpg,3567
http://www.craftedrecordings.com/wp-content/uploads/2007/10/100_1769_jpg.thumbnail.jpeg,data/images/orig/ext_d6e88005a8dd5d42.jpg,3789
http://www.crystalphonic.com/static/for_use/images/Tracking1big.jpg,data/images/orig/ext_f3455769d5bc4ed7.jpg,21847
http://www.cs.unc.edu/~stotts/COMP145/homes/spamm/images/spamm.gif,data/images/orig/ext_6d5e2468ed8284af.gif,33573
http://www.customaudio.freeserve.co.uk/articles/partitions2.gif,data/images/orig/ext_3c473e999f2a0ce7.gif,11426
http://www.customaudiodesigns.co.uk/absorbers/siab_bronze.jpg,data/images/orig/ext_58bd5b78a77b8136.jpg,28219
http://www.customaudiodesigns.co.uk/diffusers/pres.jpg,data/images/orig/ext_e7d02c6449a387b6.jpg,29856
http://www.customtube.com/furring.gif,data/images/orig/ext_7d6b6e2589de2dbd.gif,10536
http://www.cwc.ca/products/trusses/images/howe_scissors.gif,data/images/orig/ext_8894140fe01c987a.gif,3831
http://www.cwc.ca/products/trusses/images/vault.gif,data/images/orig/ext_e49e835c09a7677d.gif,3322
http://www.dancetech.com/aa_dt_new/hardware/IMAGES/KRK_vxt6_main.jpg,data/images/orig/ext_17f3bd72e78acb51.jpg,34342
http://www.danishwoodinsulation.dk/billeder/barn-leger-med-feelingwood.jpg,data/images/orig/ext_1dfceeb1d37cf08b.jpg,18029
http://www.danishwoodinsulation.dk/billeder/mattelegen.jpg,data/images/orig/ext_b8518960d326c73a.jpg,8526
http://www.danishwoodinsulation.dk/billeder/schneiden.jpg,data/images/orig/ext_2393338af06cc79e.jpg,7748
http://www.dbar-productions.com/photos/studio_01.jpg,data/images/orig/ext_8840b6d003256eba.jpg,71656
http://www.decware.com/p1324pic.jpg,data/images/orig/ext_6ebe5640f9bd7947.jpg,142222
http://www.deus.com.uy/imagenes/techos-entrepisos.jpg,data/images/orig/ext_0bdce3e568379c13.jpg,35516
http://www.deus.com.uy/imagenes/ticholos-ladrillos-cerramiento.jpg,data/images/orig/ext_0458c5439d911a57.jpg,51013
http://www.devolkitchens.co.uk/lsft/images/floor_tiles_lifestyle.jpg,data/images/orig/ext_c9c63b4b00e59185.jpg,23855
http://www.digidope.com/basement/images/basementplan2.gif,data/images/orig/ext_5a6b840fbe66f0ab.gif,12377
http://www.digital-synthologie.de/gesangskabine/images/fenster.gif,data/images/orig/ext_f66c73778c59ab61.gif,25039
http://www.digital-synthologie.de/gesangskabine/images/gesangskabine.gif,data/images/orig/ext_3a042d13bac66c5d.gif,63388
http://www.digital-synthologie.de/gesangskabine/images/tuer.gif,data/images/orig/ext_8695a425bc69f354.gif,43227
http://www.dow.com/commitments/images/wastebasket.jpg,data/images/orig/ext_af42a815807fccd2.jpg,8134
http://www.drumperfect.com/htdocs/images/stdroofbackmdwh.jpg,data/images/orig/ext_ccd86b6d969dde22.jpg,52683
http://www.easy-house-painting-tips.com/images/Caulking_Gun1.jpg,data/images/orig/ext_b6a1f0e8dfefec0e.jpg,30530
http://www.electrical.com/StudioB/pics/studioB-liveroom-14.jpg,data/images/orig/ext_a36b5263477fe80f.jpg,97220
http://www.electricalaudio.com/StudioA/images/alcatraz-detail_tn.jpg,data/images/orig/ext_44783b506d9c2b1b.jpg,4256
http://www.electricalaudio.com/StudioA/images/kentucky-detail_tn.jpg,data/images/orig/ext_91933a15ff98e8b7.jpg,4118
http://www.electricearl.com/cake.jpg,data/images/orig/ext_57e9eb134b365119.jpg,47489
http://www.elpais.es/corporativos/elpais/escuela/galeria2001/web/MadridMusical/Imagenes/locallobos.jpg,data/images/orig/ext_abfe00287a28f07a.jpg,10543
http://www.energystar.gov/ia/home_improvement/home_sealing/images/Pictures-079.jpg,data/images/orig/ext_b75ac3aac2021ec9.jpg,16850
http://www.energystar.gov/ia/home_improvement/home_sealing/images/Pictures-087.jpg,data/images/orig/ext_c5f0c47fc502135f.jpg,18639
http://www.environmentalhomecenter.com/images/products/cba_incised.jpg,data/images/orig/ext_8633dabf3ad15e14.jpg,93085
http://www.estilisimo.com/reportajes/img_reportajes/paves3.jpg,data/images/orig/ext_2b8cbcbf0a9ee0b4.jpg,9629
http://www.ethanwiner.com/BTPlans.gif,data/images/orig/ext_31582f06dc6424d0.gif,45400
http://www.ethanwiner.com/Smiley%20Land/Sad03.gif,data/images/orig/ext_19802bdf26879c9d.gif,5807
http://www.ethanwiner.com/Smileys/Fight.gif,data/images/orig/ext_4e2222377d1f4fe0.gif,1930
http://www.ethanwiner.com/airgap.gif,data/images/orig/ext_05d61f202ab5ebe9.gif,15896
http://www.ethanwiner.com/ceiling.gif,data/images/orig/ext_770192f547fb7faf.gif,5543
http://www.ethanwiner.com/corner-trap.gif,data/images/orig/ext_422108eedf7270e2.gif,16154
http://www.ethanwiner.com/density/frk_12_pcs_rear_left.jpg,data/images/orig/ext_d1d3d6c9355d5a7a.jpg,14324
http://www.ethanwiner.com/emoticons/rofl3dbig.gif,data/images/orig/ext_873e3316d95343fb.gif,51717
http://www.ethanwiner.com/garage/graph_hf.gif,data/images/orig/ext_94cbde55a93043b3.gif,23872
http://www.ethanwiner.com/garage/graph_lf.gif,data/images/orig/ext_4825115df198b2c2.gif,27786
http://www.ethanwiner.com/misc-content/bigthumb.gif,data/images/orig/ext_bba5b0fe3f92af78.gif,568
http://www.ethanwiner.com/misc-content/sos-long-short.jpg,data/images/orig/ext_7bd14ee7e09acdf1.jpg,71443
http://www.ethanwiner.com/misc-content/trademark_violation.gif,data/images/orig/ext_7e7a4e6bf54f5f77.gif,26294
http://www.ethanwiner.com/misc-content/walls.gif,data/images/orig/ext_fdd256cd638adc88.gif,11426
http://www.ethanwiner.com/response.gif,data/images/orig/ext_a96d7b2f4339a73a.gif,5800
http://www.ethereality.info/ethereality_website/about_me/images/workspace/cloud_pagoda/construction/design/studio_design-back.jpg,data/images/orig/ext_9fcd3db2b75e6088.jpg,185980
http://www.ethereality.info/ethereality_website/about_me/images/workspace/cloud_pagoda/construction/design/studio_design-front.jpg,data/images/orig/ext_fd695b5afd49e93b.jpg,201622
http://www.ethereality.info/ethereality_website/about_me/images/workspace/cloud_pagoda/construction/design/studio_design-left.jpg,data/images/orig/ext_d335eabdcd3f2ad6.jpg,140641
http://www.ethereality.info/ethereality_website/about_me/images/workspace/cloud_pagoda/construction/design/studio_design-right.jpg,data/images/orig/ext_48f1793ff42cc151.jpg,161335
http://www.ethereality.info/ethereality_website/about_me/images/workspace/cloud_pagoda/construction/design/studio_design-rt.jpg,data/images/orig/ext_3308741843c997e7.jpg,113247
http://www.ethereality.info/ethereality_website/about_me/images/workspace/cloud_pagoda/construction/design/studio_design-top.jpg,data/images/orig/ext_d15507d3741b4a80.jpg,165734
http://www.ethereality.info/ethereality_website/about_me/images/workspace/cloud_pagoda/construction/studio_construction-01.jpg,data/images/orig/ext_b79ded8ad429ea14.jpg,110690
http://www.ethereality.info/ethereality_website/about_me/images/workspace/cloud_pagoda/construction/studio_construction-02.jpg,data/images/orig/ext_d90aafbcc29588f2.jpg,79815
http://www.ethereality.info/ethereality_website/about_me/images/workspace/cloud_pagoda/construction/studio_construction-dimensions_room.jpg,data/images/orig/ext_a565c42a48b82040.jpg,100516
http://www.ethereality.info/ethereality_website/about_me/images/workspace/cloud_pagoda/construction/studio_construction2-4.jpg,data/images/orig/ext_d28c21c8208d0a26.jpg,107153
http://www.ewpa.com/images/def_metal_plate.jpg,data/images/orig/ext_961a342f83916c74.jpg,14253
http://www.extremehowto.com/xh/graphics/article_images/331200435021_corn8.jpg,data/images/orig/ext_f9b334e5f65b8524.jpg,23044
http://www.facildehacer.com/albanileria/albanileria_tareas/010/bricolaje-01.jpg,data/images/orig/ext_b96c16b3c6b2dc0f.jpg,6844
http://www.fadzter.com/smilies/beerchug.gif,data/images/orig/ext_27d17506ccb324e2.gif,2265
http://www.fantech.net/accessories1_03.gif,data/images/orig/ext_3ec3b40061881128.gif,6254
http://www.fantech.net/accessories1_03.jpg,data/images/orig/ext_f65371daf0bfe0a5.jpg,10706
http://www.ferraricolor.com/images/portfolio/PASS_SIDE1.jpg,data/images/orig/ext_704d46183040bd08.jpg,30090
http://www.ferraricolor.com/images/portfolio/verizon_bus_side.jpg,data/images/orig/ext_2a0af6d85edd2029.jpg,49612
http://www.foodforest.com.au/strawbaleSoundGraph.jpg,data/images/orig/ext_437131659acbea70.jpg,22999
http://www.fornacecasetta.it/img_sito/mattoni/big/72.jpg,data/images/orig/ext_c95c9460fa6ddc63.jpg,26194
http://www.fornacecasetta.it/img_sito/mattoni/big/73.jpg,data/images/orig/ext_55788e2f8107a1c6.jpg,28976
http://www.frigolit.com.mx/images/products/caseton.jpg,data/images/orig/ext_bbf565ec301bbd9c.jpg,8430
http://www.genelec.com/products/images/rack1.jpg,data/images/orig/ext_f1a3fb545be23fd7.jpg,4782
http://www.gikacoustics.com/images/diffusor_1_sm.jpg,data/images/orig/ext_be4458ee50e67f69.jpg,5579
http://www.globalvillagesquare.com/images/woodwork_french_door.JPG,data/images/orig/ext_73ddfbc1a40bda18.jpg,34051
http://www.grainger.com/images/products/3PY36.JPG,data/images/orig/ext_b12d931c0369cd13.jpg,3702
http://www.greengluecompany.com/images/clip_installation/corner.gif,data/images/orig/ext_a7c1145d625fbd83.gif,3859
http://www.greengluecompany.com/images/greenGlue-vs-ResilentChannel/Chart3.gif,data/images/orig/ext_ebd4f9e6b1d33c36.gif,11317
http://www.greengluecompany.com/images/greenGlueApplication/Capture7.jpg,data/images/orig/ext_0416316aee7524ad.jpg,19185
http://www.greengluecompany.com/images/understandingFlankingNoise/Diagram2-staggeredwalls.gif,data/images/orig/ext_b3f95a2f7ff09041.gif,13273
http://www.greengluecompany.com/images/upgradingExistingFloors/upgradingCeiling2.gif,data/images/orig/ext_ffee370b2939a64e.gif,12930
http://www.gtxs.net/images/room_b_1.jpg,data/images/orig/ext_f2bc7480eecad34d.jpg,67025
http://www.hardcore-forum.com/upload/slike/sobaENG.JPG,data/images/orig/ext_d9e5f9ebb0b189bf.jpg,37075
http://www.highways.gov.uk/roads/projects/images/231_blocks.jpg,data/images/orig/ext_55aa8eced02d93ce.jpg,19328
http://www.home-building-answers.com/image-files/slab-section.gif,data/images/orig/ext_950b432ad09efedf.gif,12564
http://www.hstech.org/howto/material/homosote.jpg,data/images/orig/ext_c43d5493985f9959.jpg,42353
http://www.idoia.com/studio/images/wall1.jpg,data/images/orig/ext_7246ccf7dccf61a9.jpg,14109
http://www.iespana.es/rockpalace/local.jpg,data/images/orig/ext_79b10aa52d0e9240.jpg,11484
http://www.ikea.com/PIAimages/20491_PE105639_S3.jpg,data/images/orig/ext_b16c48ae245ddf44.jpg,3615
http://www.inaba-denko.com/eng/products/slimduct/sd/images/sdsample.jpg,data/images/orig/ext_b53f55e0796d05fe.jpg,33102
http://www.inaba-denko.com/eng/products/slimduct/sd/images/top-1.jpg,data/images/orig/ext_ed96721298e209f1.jpg,43509
http://www.ingenop.com/hormigon_fratasado.jpg,data/images/orig/ext_f301691026316217.jpg,35810
http://www.inman.com/images/public_space/So_Cal_fire_Nov_2003.jpg,data/images/orig/ext_bc161145700637f0.jpg,30467
http://www.instructables.com/image/F9448SZR8JEV2Z9QD8/Get-some-LEDs.jpg,data/images/orig/ext_8b8f842685c20198.jpg,56015
http://www.izmimikonrecords.com/Info%20Pages/eng_rm_plan.jpg,data/images/orig/ext_585ee747a5ab047c.jpg,96253
http://www.izmimikonrecords.com/blueprint.jpg,data/images/orig/ext_eb5e94c70c1f65f7.jpg,80185
http://www.jpgrinaldi.com/Ima/foto1.gif,data/images/orig/ext_b6a7051ddadac6a5.gif,32554
http://www.jpgrinaldi.com/Ima/foto1.jpg,data/images/orig/ext_38c683593ecf5431.jpg,57607
http://www.kathylabonte.com/barn/pictures/house_sep_2005.jpg,data/images/orig/ext_d6fb2face2788607.jpg,132933
http://www.kathylabonte.com/barn/pictures/house_sep_2005_2.jpg,data/images/orig/ext_ad3b7c6bb3e8c78e.jpg,125829
http://www.kathylabonte.com/barn/pictures/original_home2.jpg,data/images/orig/ext_c4b6982749d414bd.jpg,297107
http://www.kathylabonte.com/barn/thumbs/th_barn_bare_east_wall.jpg,data/images/orig/ext_3e2c9c1627d753c0.jpg,15790
http://www.kathylabonte.com/barn/thumbs/th_barn_bare_northwest.jpg,data/images/orig/ext_7d5d6d0e3105c896.jpg,14175
http://www.kathylabonte.com/barn/thumbs/th_barn_bare_southeast.jpg,data/images/orig/ext_3b5bc00841ade1a8.jpg,15889
http://www.kathylabonte.com/barn/thumbs/th_barn_bare_southwest.jpg,data/images/orig/ext_632f6a74fb8b8279.jpg,12707
http://www.kathylabonte.com/barn/thumbs/th_barn_east_floor1.jpg,data/images/orig/ext_08cf7c487a8cb167.jpg,17913
http://www.kathylabonte.com/barn/thumbs/th_barn_north_floor1.jpg,data/images/orig/ext_63d843516c52dac1.jpg,16211
http://www.kathylabonte.com/barn/thumbs/th_barn_south_floor1.jpg,data/images/orig/ext_175811259be30841.jpg,16611
http://www.kathylabonte.com/barn/thumbs/th_barn_tubing1.jpg,data/images/orig/ext_da8d21f2ef886071.jpg,17565
http://www.kathylabonte.com/barn/thumbs/th_barn_tubing2.jpg,data/images/orig/ext_8f5522f968fb236c.jpg,18221
http://www.kathylabonte.com/barn/thumbs/th_barn_tubing3.jpg,data/images/orig/ext_63ac4d334576c97a.jpg,18527
http://www.kathylabonte.com/barn/thumbs/th_barn_tubing4.jpg,data/images/orig/ext_36b2874a90e88730.jpg,17846
http://www.kathylabonte.com/barn/thumbs/th_barn_tubing5.jpg,data/images/orig/ext_5246ba4f073c7f92.jpg,16886
http://www.kathylabonte.com/barn/thumbs/th_barn_tubing6.jpg,data/images/orig/ext_268384dbe326ae80.jpg,17988
http://www.kathylabonte.com/barn/thumbs/th_barn_west_floor1.jpg,data/images/orig/ext_be27c57ba7a440af.jpg,16454
http://www.kathylabonte.com/barn/thumbs/th_oldfloor_closeup6.jpg,data/images/orig/ext_3c59dce1b937dbb9.jpg,73418
http://www.kathylabonte.com/barn/thumbs/th_oldfloor_closeup7.jpg,data/images/orig/ext_df0ca2ac0df2c4c9.jpg,66368
http://www.kemt.fei.tuke.sk/Predmety/KEMT320_EA/_web/Online_Course_on_Acoustics/cavity_abs.gif,data/images/orig/ext_ec13c96f4da3e167.gif,22154
http://www.kineticsnoise.com/arch/icw/images/icw.jpg,data/images/orig/ext_50af377872ede752.jpg,152162
http://www.kineticsnoise.com/arch/images/kwsb.jpg,data/images/orig/ext_4f0a97279d309986.jpg,30535
http://www.kirkross.com/images/misc/riser.jpg,data/images/orig/ext_d1125ef1a7c17882.jpg,25515
http://www.kirkross.com/images/misc/wall.jpg,data/images/orig/ext_a634d4781630044b.jpg,25788
http://www.kitchencontraptions.com/images/GO0115E.jpg,data/images/orig/ext_dfa75b3f1b2d6b04.jpg,30432
http://www.kitchensfitted.co.uk/ChoiceComponents/lighting/4large.jpg,data/images/orig/ext_b280039070acee45.jpg,6524
http://www.klangfaktur.ch/pictures/bau/thumbnails/drawing250.jpg,data/images/orig/ext_92d08a3bfca2402a.jpg,13985
http://www.lamvin.com/photographs/1white.gif,data/images/orig/ext_e4c78209cc19d0f6.gif,6400
http://www.lanauestudi.com/Images/plano_estudi.jpg,data/images/orig/ext_b0fbb180eb8442fd.jpg,6170
http://www.lord.net.au/slsstudios/images/01112007416.jpg,data/images/orig/ext_9007896835179f2d.jpg,131540
http://www.lord.net.au/slsstudios/images/05102007334.jpg,data/images/orig/ext_f96150987fd5a05e.jpg,74029
http://www.lord.net.au/slsstudios/images/06012008642.jpg,data/images/orig/ext_ef4336aee8e1e7eb.jpg,100015
http://www.lord.net.au/slsstudios/images/06012008643.jpg,data/images/orig/ext_6da67ae7bb65bf1a.jpg,67139
http://www.lord.net.au/slsstudios/images/06012008645.jpg,data/images/orig/ext_075b9d58486cd605.jpg,75152
http://www.lord.net.au/slsstudios/images/07082007126.jpg,data/images/orig/ext_f4a6a642c229bc67.jpg,101798
http://www.lord.net.au/slsstudios/images/08082007128.jpg,data/images/orig/ext_dfa8b0d6f9f1f754.jpg,125654
http://www.lord.net.au/slsstudios/images/09012008653.jpg,data/images/orig/ext_551f7b875b17f8d0.jpg,77053
http://www.lord.net.au/slsstudios/images/09012008655.jpg,data/images/orig/ext_a271bd88064a5b19.jpg,64321
http://www.lord.net.au/slsstudios/images/11122007527.jpg,data/images/orig/ext_f60893aee11e58ae.jpg,86887
http://www.lord.net.au/slsstudios/images/13092007250.jpg,data/images/orig/ext_005525187c293ddb.jpg,114350
http://www.lord.net.au/slsstudios/images/13092007255.jpg,data/images/orig/ext_948eeab6f2a75ba3.jpg,94719
http://www.lord.net.au/slsstudios/images/14102007361.jpg,data/images/orig/ext_938f9159e6a88d46.jpg,55967
http://www.lord.net.au/slsstudios/images/17082007155.jpg,data/images/orig/ext_2aa6437ba6e18e5c.jpg,151132
http://www.lord.net.au/slsstudios/images/17082007167.jpg,data/images/orig/ext_9f76e89a5307eb64.jpg,112605
http://www.lord.net.au/slsstudios/images/18092007261.jpg,data/images/orig/ext_cc2f0a5af46bdd6c.jpg,103186
http://www.lord.net.au/slsstudios/images/18122007559.jpg,data/images/orig/ext_8024199522b954ac.jpg,96036
http://www.lord.net.au/slsstudios/images/18122007562.jpg,data/images/orig/ext_297dc81f6e90206b.jpg,66891
http://www.lord.net.au/slsstudios/images/18122007564.jpg,data/images/orig/ext_34722518d86f9e09.jpg,71042
http://www.lord.net.au/slsstudios/images/18122007567.jpg,data/images/orig/ext_40a356ef1bd667e0.jpg,74281
http://www.lord.net.au/slsstudios/images/19082007169.jpg,data/images/orig/ext_abbab8ed767d5ca1.jpg,99215
http://www.lord.net.au/slsstudios/images/20092007268.jpg,data/images/orig/ext_f4c308eff61a6a3f.jpg,137257
http://www.lord.net.au/slsstudios/images/21092007272.jpg,data/images/orig/ext_9f01ce15436aef51.jpg,130643
http://www.lord.net.au/slsstudios/images/26092007294.jpg,data/images/orig/ext_23781ce423908f3d.jpg,83428
http://www.lord.net.au/slsstudios/images/26122007601.jpg,data/images/orig/ext_5123f7f144e11c1f.jpg,104633
http://www.lord.net.au/slsstudios/images/26122007603.jpg,data/images/orig/ext_8c78327226050e75.jpg,102614
http://www.lord.net.au/slsstudios/images/26122007620.jpg,data/images/orig/ext_47ffc869d9d9c47e.jpg,82025
http://www.lord.net.au/slsstudios/images/27082007205.jpg,data/images/orig/ext_433bb13ca1e867b6.jpg,144217
http://www.lord.net.au/slsstudios/images/29102007403.jpg,data/images/orig/ext_3bc5fdf7570477e5.jpg,72569
http://www.lord.net.au/slsstudios/images/doorseals.jpg,data/images/orig/ext_65492eab7e8b0fc5.jpg,97279
http://www.lord.net.au/slsstudios/images/patchleads.jpg,data/images/orig/ext_f002d818c7ea7080.jpg,148223
http://www.lord.net.au/slsstudios/images/studio_plan003.jpg,data/images/orig/ext_fadefbce370c5863.jpg,206345
http://www.lord.net.au/slsstudios/images/videolink.jpg,data/images/orig/ext_b8c282d9c0c8ab33.jpg,86690
http://www.makson.fr/images/produits/EP400WEB.jpg,data/images/orig/ext_6d617786a3034fdd.jpg,6025
http://www.mamparasdeoficina.com/images/techo3.jpg,data/images/orig/ext_4f5d97ec675479da.jpg,14976
http://www.markmarshall.com/images/mmbanner.gif,data/images/orig/ext_93f7d8b2cddf27ac.gif,95883
http://www.markstein.de/files/bild2/00001660.jpg,data/images/orig/ext_587f031e0e85e5b2.jpg,12321
http://www.mbakustik.de/images/breitband.jpg,data/images/orig/ext_c9f371999bedafe2.jpg,3397
http://www.mcs.csuhayward.edu/~tebo/Classes/4850/Audio/FletcherMunson.gif,data/images/orig/ext_d186d2b5979154bb.gif,48997
http://www.middleatlantic.com/images/istudio/mdvob4.jpg,data/images/orig/ext_f0ba1835086cb5f6.jpg,5543
http://www.middleatlantic.com/images/istudio/mdvr12.jpg,data/images/orig/ext_59955539c1e6a04e.jpg,6474
http://www.mindspring.com/~ferron/roomLayout.jpg,data/images/orig/ext_015268f74f41190f.jpg,43951
http://www.mmdequipment.com/productshots/vibratory/vibratory.jpg,data/images/orig/ext_0f605a8a3f087cb2.jpg,27903
http://www.moyisover.ie/calibel_constr_dec1.gif,data/images/orig/ext_50e28e0e68b4b589.gif,77780
http://www.moyisover.ie/calibel_dec3.gif,data/images/orig/ext_c525473457aeab4d.gif,49238
http://www.nabd.net/members/M300SEL/image/construction/room1.jpg,data/images/orig/ext_96a6136401dfe291.jpg,31286
http://www.nash-bridges.de/images/ti/bricks.jpg,data/images/orig/ext_152be9d191408bb6.jpg,22789
"http://www.nightsky-music.de/fotos,abbildungen/weihnachtsferien2005/aufnahmepatchw.jpg",data/images/orig/ext_2df2abe52253b488.jpg,107567
http://www.nixonaudio.com/room/trap.jpg,data/images/orig/ext_2338ed771ccf3e41.jpg,91878
http://www.nrcan.gc.ca/sites/www.nrcan.gc.ca/files/images/enerpedia/fig5-22_e.jpg,data/images/orig/ext_02bd0abf19fdc5e3.jpg,353151
http://www.olivianewton-john.com/images/gaia_lrg.jpg,data/images/orig/ext_b001463421e3e8ba.jpg,16476
http://www.ominous-valve.com/images/dynamotor.gif,data/images/orig/ext_fba384ffea3fca72.gif,5621
http://www.online-artikel.de/editor/assets/essen_trinken/cocktail-bereitung.jpg,data/images/orig/ext_47665115f007a15e.jpg,36703
http://www.organicandhealthy.com/images/NaturesCarpet/Everest/SnowCap_lg.jpg,data/images/orig/ext_08d9456dc3e41efe.jpg,78622
http://www.pac-intl.com/pics/PAC_Decoupled.gif,data/images/orig/ext_70c5e30a11b9cc02.gif,7861
http://www.pacsteelandsupply.com/images/rebar.jpg,data/images/orig/ext_d4ed1c2557e3e5e8.jpg,48680
http://www.paroc.se/resources/ti_se_hvac_airducts_diagram_350x280.jpg,data/images/orig/ext_0cc8b4b66350df45.jpg,50809
http://www.paszenkhasz.nl/studio/plan.gif,data/images/orig/ext_44dd575b10495da8.gif,41632
http://www.paszenkhasz.nl/studio/studio.gif,data/images/orig/ext_ab2f602ed64d56ef.gif,9450
http://www.pavimentosonline.com/solflex/images/absorbente_engarzable2.jpg,data/images/orig/ext_c236d292ba6603d5.jpg,49490
http://www.pavimentosonline.com/solflex/images/guarderia.jpg,data/images/orig/ext_8a8a3b337fd53b99.jpg,25602
http://www.pcpaudio.com/pcpfiles/doc_altavoces/materiales/aglomeradobig.jpg,data/images/orig/ext_56e72a56d02b1180.jpg,26813
http://www.phys.unsw.edu.au/jw/graphics/helmholtz_freq.jpg,data/images/orig/ext_c1c0addf9a6389ba.jpg,38200
http://www.plama-pur.si/izdelki/images/zvocnaiz-v.jpg,data/images/orig/ext_3521d6c89a5dba33.jpg,9588
http://www.pmerecords.com/images/Facilities/Acoustics/Diffusor02.jpg,data/images/orig/ext_139187884bcb99ec.jpg,39225
http://www.polderpv.nl/Assets/images/DSC062.jpg,data/images/orig/ext_be8418c3328c0319.jpg,33982
http://www.proinfo.es.gov.br/adequacao/fig11.jpg,data/images/orig/ext_1dd5b42fe9abcb55.jpg,10578
http://www.readyacoustics.com/images/studio/full-view.jpg,data/images/orig/ext_fa8cdabfc60c73f2.jpg,40649
http://www.readytraps.com/images/studio.jpg,data/images/orig/ext_11212a48e974c1de.jpg,119531
http://www.realtraps.com/abs-comp.gif,data/images/orig/ext_76eed1a27e894cd0.gif,31118
http://www.realtraps.com/art_response.gif,data/images/orig/ext_d1974204e350d856.gif,18742
http://www.realtraps.com/art_spaces2.gif,data/images/orig/ext_c9529ae980a80e1b.gif,24419
http://www.realtraps.com/art_studio1.gif,data/images/orig/ext_37989707ea7e0165.gif,31807
http://www.realtraps.com/ceiling_traps.jpg,data/images/orig/ext_8d677c790650c0ab.jpg,11444
http://www.realtraps.com/control_room_tn.gif,data/images/orig/ext_7c939be8fd00ba94.gif,9018
http://www.realtraps.com/corner_adj2.jpg,data/images/orig/ext_24fb220b86069485.jpg,8576
http://www.realtraps.com/cust_andrews1.jpg,data/images/orig/ext_b11e47a2daff9e4f.jpg,33752
http://www.realtraps.com/cust_ht1.jpg,data/images/orig/ext_4435aadeaaf5bfe9.jpg,18140
http://www.realtraps.com/cust_ht2.jpg,data/images/orig/ext_6452ff2dae3653a2.jpg,24999
http://www.realtraps.com/cust_ht3.jpg,data/images/orig/ext_95ca8ca3073466a8.jpg,20909
http://www.realtraps.com/cust_ht5.jpg,data/images/orig/ext_7950bab68208952a.jpg,24746
http://www.realtraps.com/cust_ht6.jpg,data/images/orig/ext_703de6684bcc4e4f.jpg,24275
http://www.realtraps.com/cust_schmidt.jpg,data/images/orig/ext_6ecabf9cccc50067.jpg,47638
http://www.realtraps.com/dlr_after.gif,data/images/orig/ext_2a11e97e83d518d2.gif,31726
http://www.realtraps.com/dlr_before.gif,data/images/orig/ext_ff6fb1c4d998fdb8.gif,46897
http://www.realtraps.com/dlr_response.gif,data/images/orig/ext_d8b34c2f6f10266a.gif,19211
http://www.realtraps.com/dlr_rt60.gif,data/images/orig/ext_6d09f8ed1a36fd1d.gif,5541
http://www.realtraps.com/eq-traps/fc_17mondos-2d.gif,data/images/orig/ext_63de5d224cfd5850.gif,27661
http://www.realtraps.com/eq-traps/fc_empty-2d.gif,data/images/orig/ext_deeba644038cd926.gif,18365
http://www.realtraps.com/ethan-ht.gif,data/images/orig/ext_06629a0cebdafa0f.gif,24874
http://www.realtraps.com/foam_panel.gif,data/images/orig/ext_4e9214885c2c0b4f.gif,8871
http://www.realtraps.com/mondotrap.jpg,data/images/orig/ext_2465ebb439e8ba33.jpg,14859
http://www.realtraps.com/placing_mt.gif,data/images/orig/ext_b27193f6052f4c0f.gif,17016
http://www.realtraps.com/response.gif,data/images/orig/ext_3e30c066985af2d9.gif,26822
http://www.redux.nl/winkel/media/OX6029-009.jpg,data/images/orig/ext_8932291f78518fa7.jpg,17192
http://www.reedpumps.com/shotcrete500388.jpg,data/images/orig/ext_ad6e88daafebfd9d.jpg,60833
http://www.rentalhq.com/dbImages/69title.jpg,data/images/orig/ext_ea2724180743c142.jpg,12077
http://www.robntoni.com/graphics/websites/Studio7-18-09.jpg,data/images/orig/ext_96c116db89d377e0.jpg,84720
http://www.robntoni.com/graphics/websites/bbox9.jpg,data/images/orig/ext_bb35e49fcf55a944.jpg,104143
http://www.robntoni.com/graphics/websites/housebuild1.jpg,data/images/orig/ext_0bc60a39267fad37.jpg,84297
http://www.rpginc.com/products/productimages/PSroom.gif,data/images/orig/ext_2d05a3b3564ec656.gif,4799
http://www.rprostudio.com/controlroom.jpg,data/images/orig/ext_993ef6b696776de8.jpg,143210
http://www.rt60.net/trucs/fenetre.jpg,data/images/orig/ext_87d342faf3a92144.jpg,27055
http://www.saecollege.de/reference_material/images/Corner%20Plan.gif,data/images/orig/ext_fcc33794d9609b82.gif,10570
http://www.saecollege.de/reference_material/images/Floor%201.gif,data/images/orig/ext_731d4abe293860f2.gif,4509
http://www.saecollege.de/reference_material/images/Garage%202.gif,data/images/orig/ext_2bc95c367d3e260e.gif,9376
http://www.saecollege.de/reference_material/images/My%20Ceiling.gif,data/images/orig/ext_ca6ce5686f3f2570.gif,5331
http://www.saecollege.de/reference_material/images/Speaker%20EL.gif,data/images/orig/ext_9512138d34d3b186.gif,8612
http://www.saecollege.de/reference_material/images/Standing%20Wave.gif,data/images/orig/ext_2e044105c9659e00.gif,4583
http://www.saecollege.de/reference_material/images/Studio%201.gif,data/images/orig/ext_193bedf7d25415bb.gif,10205
http://www.saecollege.de/reference_material/images/Wall%2011.gif,data/images/orig/ext_16a4be8ed63a0f33.gif,1963
http://www.saecollege.de/reference_material/images/Wall%2012.gif,data/images/orig/ext_906f8cedd3fc88e8.gif,1883
http://www.saecollege.de/reference_material/images/Wall%208.gif,data/images/orig/ext_9d93a989f997a14d.gif,2921
http://www.saecollege.de/reference_material/images/Wall%209.gif,data/images/orig/ext_24f7fb5e1f916901.gif,1740
http://www.saecollege.de/reference_material/images/energy.gif,data/images/orig/ext_2f2871d3e92c746e.gif,4015
http://www.saecollege.de/reference_material/images/slat%201.gif,data/images/orig/ext_12628431b202dd33.gif,4042
http://www.sanaplas.com/BOVEDILLA.JPEG,data/images/orig/ext_a644685a149cd804.jpg,19731
http://www.sanaplas.com/ESQUEMAS/ENRASADA.gif,data/images/orig/ext_e732ef899286552f.gif,1226
http://www.santiagoafanadorphoto.com/crown_molding_large.jpg,data/images/orig/ext_45adad21dc225641.jpg,3793
http://www.scifimoviepage.com/images/term1a.jpg,data/images/orig/ext_9623d1c03fd09f54.jpg,14043
http://www.si-rus.pwp.blueyonder.co.uk/misc/SplitbatonBrace.jpg,data/images/orig/ext_7d933ab9df306010.jpg,29164
http://www.si-rus.pwp.blueyonder.co.uk/misc/SplitbatonBrace2.jpg,data/images/orig/ext_b4f1e01ecc58eae6.jpg,18500
http://www.si-rus.pwp.blueyonder.co.uk/misc/ceilingmount.jpg,data/images/orig/ext_f13a7f66f6037719.jpg,15851
http://www.silentsource.com/images/tubetrap_original.jpg,data/images/orig/ext_0a51e57fb2fc15b4.jpg,4942
http://www.slashonline.com/wallpaper/rehearsalstudio2thumb.jpg,data/images/orig/ext_c467bf8f8e88a24d.jpg,5275
http://www.slashonline.com/wallpaper/rehearsalstudiothumb.jpg,data/images/orig/ext_a81119677c9ad12a.jpg,12009
http://www.smithfast.com/images/trubolt.gif,data/images/orig/ext_9b747c64839bb819.gif,9984
http://www.softairediffusers.com/images/products/IMG_0170.jpg,data/images/orig/ext_2a9dc90b16359c74.jpg,117422
http://www.soundcontrol.com/p6c.gif,data/images/orig/ext_65e36804e3a4df61.gif,17689
http://www.soundonsound.com/sos/may10/images/Mackie_onyx1640i_01.jpg,data/images/orig/ext_0f207f1b1280db19.jpg,693691
http://www.soundproofing.org/images/slideIn_compartment.jpg,data/images/orig/ext_5ba2216b071145a7.jpg,46244
http://www.soundproofingcompany.com/wp-content/uploads/2011/06/triple-leaf-diagram-600x297.gif,data/images/orig/ext_e72b8b8add633331.gif,42990
http://www.soundstagenetwork.com/revequip/pics/asc_attackwall.gif,data/images/orig/ext_30229460b8598e61.gif,7996
http://www.soundsuckers.com/groupedpictures/8'x8'/8x8x8.jpg,data/images/orig/ext_4463a5d0f9903110.jpg,58121
http://www.spielarena-ostalb.de/images/foto_2011-05-09_400.jpg,data/images/orig/ext_b729edfd27ddd516.jpg,25514
http://www.spv-studio.de/mediac/400_0/media/DIR_1602/DSCN0859gr.jpg,data/images/orig/ext_af6260d2eac5e8b4.jpg,15811
http://www.stalkerzone.dk/upload/P1010001%20(749%20x%20562).jpg,data/images/orig/ext_341417dfb66a11b8.jpg,87054
http://www.stalkerzone.dk/upload/P1010002%20(749%20x%20562).jpg,data/images/orig/ext_253a47ac660458b8.jpg,91849
http://www.stalkerzone.dk/upload/P1010003%20(749%20x%20562).jpg,data/images/orig/ext_a223e5ab33248d93.jpg,90157
http://www.stalkerzone.dk/upload/P1010004%20(749%20x%20562).jpg,data/images/orig/ext_79d19a1bc2cf10f0.jpg,90126
http://www.stalkerzone.dk/upload/P1010005%20(749%20x%20562).jpg,data/images/orig/ext_5b5729264a34781f.jpg,88384
http://www.stalkerzone.dk/upload/P1010006%20(749%20x%20562).jpg,data/images/orig/ext_1655ee2bae04c9a2.jpg,73577
http://www.stalkerzone.dk/upload/P1010007%20(749%20x%20562).jpg,data/images/orig/ext_6ea62af2fe495e40.jpg,87023
http://www.stalkerzone.dk/upload/P1010008%20(749%20x%20562).jpg,data/images/orig/ext_6791669e5d2353c7.jpg,91858
http://www.stalkerzone.dk/upload/P1010009%20(749%20x%20562).jpg,data/images/orig/ext_89ce048747531eaa.jpg,87260
http://www.stalkerzone.dk/upload/roomsize.jpg,data/images/orig/ext_c06a6b67807f5071.jpg,57581
http://www.state.sd.us/denr/DES/WasteMgn/photo3a.jpg,data/images/orig/ext_174d5b40b0df9886.jpg,39668
http://www.stcratings.com/wallassemblies/stcwall05.jpg,data/images/orig/ext_f862fff77aac7c0b.jpg,21913
http://www.stcratings.com/wallassemblies/stcwall07.jpg,data/images/orig/ext_3a0f7a249eb0b674.jpg,18432
http://www.stcratings.com/wallassemblies/stcwall10.jpg,data/images/orig/ext_91269b165e1a6711.jpg,25109
http://www.strongtie.com/graphics/products/large/H.gif,data/images/orig/ext_a7526416b1ba253d.gif,11814
http://www.strongtie.com/graphics/products/large/H17.gif,data/images/orig/ext_24110716fa03b49d.gif,16855
http://www.strongtie.com/graphics/products/large/HUTF-HUSTF4.gif,data/images/orig/ext_0700b7a11fdcc6ff.gif,26363
http://www.strongtie.com/graphics/products/large/LU-U-HU7.gif,data/images/orig/ext_4f1d4a008d345272.gif,30067
http://www.studio440.com/assets/images/jpeg/yacht_control02.jpg,data/images/orig/ext_5bb0b248433c967e.jpg,88053
http://www.studiotisch.com/images/dimensions.jpg,data/images/orig/ext_ce93479601c655d3.jpg,37135
http://www.studiotisch.com/images/unterlass_studiotisch_2.jpg,data/images/orig/ext_4800fb4125aa7cd5.jpg,49776
http://www.suntuf.com/images/Products-Corrugated.jpg,data/images/orig/ext_e6e13c3e5eb1db42.jpg,7754
http://www.superjanne.fi/studiodesign/dynaudiobm6a-HFLFtrim%20.png,data/images/orig/ext_4d02ec5f1a64613d.png,98063
http://www.swrgaragedoors.com/images/sectionalback.jpg,data/images/orig/ext_ba621cfc7a881228.jpg,10227
http://www.sylvane.com/images/productpages/soleus-air/mac12k/MAC-12K_new.jpg,data/images/orig/ext_add1379379e4f18f.jpg,9993
http://www.telproinc.com/images/panellift138-2/product.gif,data/images/orig/ext_7976c0c802c182c0.gif,3736
http://www.the-backhouse.com/cloud1.jpg,data/images/orig/ext_76107d6cd735bf87.jpg,19498
http://www.the-backhouse.com/cloud2.jpg,data/images/orig/ext_615d40746ba955a5.jpg,11071
http://www.the-backhouse.com/cloud3.jpg,data/images/orig/ext_30642bb485804cb1.jpg,20231
http://www.the-backhouse.com/cloud4.jpg,data/images/orig/ext_aaf3a784d9c96b41.jpg,18817
http://www.thecityofsacramento.com/hasties-capitol-sand-gravel/sacramento-california-san-gravel-hasties-capitol-sand-gravel.gif,data/images/orig/ext_e23c3749518f75ee.gif,38127
http://www.thetalentfarm.com/studio_photos/plans1.jpg,data/images/orig/ext_3038d3dc6b3143d9.jpg,30408
http://www.thetalentfarm.com/studio_photos/plans2.jpg,data/images/orig/ext_5ab6547662c9c615.jpg,35191
http://www.thetalentfarm.com/studio_photos/plans3.jpg,data/images/orig/ext_aecd588cc202bef1.jpg,25139
http://www.thetalentfarm.com/studio_photos/ttf_outside.jpg,data/images/orig/ext_5c09bf094953be96.jpg,26176
http://www.thetalentfarm.com/studio_photos/whse_treated.jpg,data/images/orig/ext_05de927a4c4126bf.jpg,40154
http://www.thetalentfarm.com/studio_photos/whse_treated6.jpg,data/images/orig/ext_643b2905decc01d5.jpg,42218
http://www.thetalentfarm.com/studio_photos/whse_treated9.jpg,data/images/orig/ext_74cfa94001ba3df8.jpg,34384
http://www.thetalentfarm.com/studio_photos/whse_untreated10.jpg,data/images/orig/ext_95d9102cb2b89f04.jpg,42020
http://www.thetalentfarm.com/studio_photos/whse_untreated11.jpg,data/images/orig/ext_3e658ee27c592a33.jpg,36905
http://www.thetalentfarm.com/studio_photos/whse_untreated6.jpg,data/images/orig/ext_1b15b2817e4c700b.jpg,44048
http://www.thomann.de/prodbilder/takustik_sap_pyramidenschaum_pimx_144069.jpg,data/images/orig/ext_55dfc57e4566fd82.jpg,8719
http://www.toyarchive.com/Convertors/Rex1a.jpg,data/images/orig/ext_4989339b5d4e6062.jpg,54472
http://www.toyarchive.com/Convertors/Robat1a.jpg,data/images/orig/ext_ca81b81f7936898f.jpg,64523
http://www.tubetrap.com/mixstation/mixfront.jpg,data/images/orig/ext_6c64bc934def7082.jpg,26672
http://www.ultrasoundrehearsal.com/photo3.JPG,data/images/orig/ext_afaccfb0ea84a7bb.jpg,13570
http://www.ultrasoundrehearsal.com/room4.JPG,data/images/orig/ext_ef3866e05dc069f3.jpg,15441
http://www.upsidedownmedia.co.za/images/studio_layout.gif,data/images/orig/ext_30ef49d99fa6a5f3.gif,5640
http://www.upsidedownmedia.co.za/sui/Clean_Up.jpg,data/images/orig/ext_27fed99e94fd2586.jpg,62516
http://www.upsidedownmedia.co.za/sui/Orginal_Live_Room.jpg,data/images/orig/ext_787a11c57d6760e2.jpg,64025
http://www.upsidedownmedia.co.za/sui/Remove_Dry_Wall.jpg,data/images/orig/ext_6810b6270dae8e57.jpg,59102
http://www.upsidedownmedia.co.za/sui/Remove_Wall_Tiles.jpg,data/images/orig/ext_5447c439a9f0fbf3.jpg,79792
http://www.upsidedownmedia.co.za/sui/sui_floor_open_plan.gif,data/images/orig/ext_52ae2e4d225c4e48.gif,9855
http://www.upsidedownmedia.co.za/sui/sui_sidewalls_roof.jpg,data/images/orig/ext_f6e62134a96ac180.jpg,31666
http://www.upsidedownmedia.co.za/sui/sui_wall_construction.gif,data/images/orig/ext_dc6987282c6ab689.gif,7669
http://www.usg.com/design_solutions/images/fig_82.gif,data/images/orig/ext_f197f211bf98810c.gif,57751
http://www.usmbuildings.com/airplane_hangersm.jpg,data/images/orig/ext_052c676658e7906d.jpg,34298
http://www.usmbuildings.com/warehouse2sm.jpg,data/images/orig/ext_350a6372219fa9a9.jpg,25927
http://www.ventasalud.com/wp-content/uploads/2010/04/room-partition-with-lot-of-book.jpg,data/images/orig/ext_7a655829be538aa9.jpg,86871
http://www.vocalbooth.com/images/diamond-series/diamond-series-footprint.jpg,data/images/orig/ext_29b3febde84682ce.jpg,236447
http://xs301.xs.to/xs301/06220/Foto_107_grau.gif,data/images/orig/ext_a9646286789a15e0.gif,93980
http://xs39.xs.to/pics/05303/PICT0721.JPG.xs.jpg,data/images/orig/ext_2400e44494a120c3.jpg,3068
http://xs39.xs.to/pics/05303/studio006.jpg.xs.jpg,data/images/orig/ext_bdb6ab2a985a16b2.jpg,3647
http://xs73.xs.to/pics/06121/IMG_0358edit.JPG,data/images/orig/ext_72373ff593fa989a.jpg,55473
http://xs74.xs.to/pics/06131/IMG_0396klein.JPG,data/images/orig/ext_b9b74906dcaddc56.jpg,54054
http://xs74.xs.to/pics/06131/IMG_0399klein.JPG,data/images/orig/ext_9cfb76f231961cba.jpg,38781
https://american.redcross.org/images/content/pagebuilder/13047.gif,data/images/orig/ext_0618860a410b95b6.gif,45427
https://cdn.instructables.com/FJE/SE0N/FRL5KX3T/FJESE0NFRL5KX3T.LARGE.jpg,data/images/orig/ext_371bffb56e857b48.jpg,39368
https://cocina-casera.com/wp-content/uploads/2017/11/Zamburi%C3%B1as.jpg,data/images/orig/ext_69f7b39118dbc05f.jpg,37614
https://college.berklee.edu/sites/default/files/styles/scale_to_480px_width/public/d7/bcm/BCM_Mastering_02.jpg?itok=Gzlodsny,data/images/orig/ext_3c5d292e639520a8.jpg,23735
https://dl.dropboxusercontent.com/u/1537287/Dise%C3%B1o%20del%20estudio.gif,data/images/orig/ext_359fac1c921328f2.gif,9908
https://drive.google.com/uc?export=view&id=16b46Mc1Rg8f5Yss7SZL59Bdwz0ZvqXdu,data/images/orig/ext_3f74d284ce45422d.jpg,269150
https://drive.google.com/uc?export=view&id=1BYxgUNXaU11lz9fBciXmK8yBXjryjVee,data/images/orig/ext_a4640d169b6bf4ce.jpg,318388
https://drive.google.com/uc?export=view&id=1KgcwX1Lk58eOgWdebgJ8Jx76qUyLEr1H,data/images/orig/ext_710d7b944a978ae9.png,191059
https://drive.google.com/uc?export=view&id=1X1sjVT12HX4d7Nuv6u-4M2WKnvxBAbwU,data/images/orig/ext_4fbecad80fe88d1f.jpg,400059
https://drive.google.com/uc?export=view&id=1XsuasyzoMZsICAb_ZueRlyfoNDOXHy1G,data/images/orig/ext_ced6f33af9884c71.jpg,202786
https://drive.google.com/uc?export=view&id=1Yhv7Qlw0COgP7I-PPOc_lsZNe3x6RwGG,data/images/orig/ext_19d1425097c343f0.jpg,359108
https://drive.google.com/uc?export=view&id=1Z8CvJwBqfAbZG9WImlh3og-lXcBP39Ci,data/images/orig/ext_fdc2f9b692daf008.jpg,450071
https://drive.google.com/uc?export=view&id=1iSCNrKLWRKjux0Ooo-sTaEwfpvwhHz2K,data/images/orig/ext_297bcc56b715d91e.jpg,202082
https://drive.google.com/uc?export=view&id=1psMh1IUc_h3PKSIfnH3wS8IokAVPVEXl,data/images/orig/ext_ea542add46b3f584.jpg,247400
https://drive.google.com/uc?id=14i07RxP8Ldklbc8WenDFNnReqOvqLohP,data/images/orig/ext_7500e7765b12bd27.jpg,294377
https://drive.google.com/uc?id=1NVWlwMFRP4lZaJoRH_bhPKlFvT0YyXEx,data/images/orig/ext_f4d78c9a76231eb7.jpg,522622
https://drive.google.com/uc?id=1PYl7JUOBqw2XnYL0E0VOgAcDPd2XVo1Z,data/images/orig/ext_320a0d983c286a41.jpg,427503
https://drive.google.com/uc?id=1U_-SO79W-NgiPk51RcElHQsbSM5lW71d,data/images/orig/ext_02ca7218256df897.jpg,430461
https://drive.google.com/uc?id=1WpAec7v5_R8PU-FWoEqcQvBXMlE_V7zl,data/images/orig/ext_24e32c31efa40be2.jpg,590180
https://drive.google.com/uc?id=1Y9klEGfqoi_ITjFL5aqgpdac9pmJLsYa,data/images/orig/ext_35942641a1568024.jpg,400504
https://drive.google.com/uc?id=1_gM5R8PG8Iz4SnevkXlkwvnjR8jpbWW0,data/images/orig/ext_21917f7fcf2a5c10.jpg,529784
https://drive.google.com/uc?id=1bKDshHTwlvOMJHl4saYu8uYD5FboTQ-F,data/images/orig/ext_d10368fe5dedea9d.jpg,439842
https://drive.google.com/uc?id=1eC8xsP_nlP0icK_dz9x_jE01lyZ6nPxK,data/images/orig/ext_89f8671fc9033900.jpg,504965
https://drive.google.com/uc?id=1eMQYchC8MkG4wDvPLmstT8u9cZKu_tan,data/images/orig/ext_82961c9f539d06ae.jpg,401505
https://drive.google.com/uc?id=1jN_S0mR64Z44C3X81wbt44WgkVPGk5OY,data/images/orig/ext_2efd1de52bb65ea6.jpg,164525
https://drive.google.com/uc?id=1mbqHbDTyNwKbCgZidTXBozRkSVYzqJvH,data/images/orig/ext_39b7d190ef25ee4b.jpg,313943
https://drive.google.com/uc?id=1pf7MaBIMHEXk_aLtPBshngIOyRete5aY,data/images/orig/ext_72374416020ae1e2.jpg,271624
https://drive.google.com/uc?id=1pocTfhmLxak5SUjOSsgVes7PjOBCa8Wa,data/images/orig/ext_93dd604d52244dff.jpg,492495
https://drive.google.com/uc?id=1q2TGLOEPmBdsqS6GP6sVyR516zdSy1Bq,data/images/orig/ext_ebf417a49d39304d.jpg,506169
https://drive.google.com/uc?id=1r8bYvq0vdDfNlD6tGqJY4FI1x-LxfQGv,data/images/orig/ext_c2fe11f0ec09be02.jpg,300766
https://drive.google.com/uc?id=1xXXyl0UXB4fuquku2jANhM_agQOWxkwh,data/images/orig/ext_99aff1033c1e2bbc.jpg,343652
https://drive.google.com/uc?id=1zuIztlDv7MHU_CYNsoIr12rJzRMXTpz4,data/images/orig/ext_f69a8ba77a23007e.jpg,453346
https://farm4.staticflickr.com/3875/14299420900_dbc1b78cd7_z.jpg,data/images/orig/ext_0f3e7f388c5d1fe7.jpg,53315
https://greenbuildingencyclopaedia.uk/wp-content/uploads/2016/01/DenseWoodFibre.png,data/images/orig/ext_d3fdb33e921285e8.png,1314871
https://i.ibb.co/CvHF784/left-soffit-no-wings.jpg,data/images/orig/ext_fc99fa6604ad562f.jpg,313284
https://i.ibb.co/WWq3hxM/studio-condec-v1-0.jpg,data/images/orig/ext_61c2710853e14c62.jpg,81886
https://i.ibb.co/YXLXFn2/Screenshot-2022-03-09-at-08-10-30.png,data/images/orig/ext_60e2ccd2fb15921c.png,97942
https://i.imgur.com/0QSzWtkh.jpg,data/images/orig/ext_44a307ba69753338.jpg,92950
https://i.imgur.com/1PTywhA.jpg,data/images/orig/ext_c6d74d9a823fa8b8.jpg,62016
https://i.imgur.com/1qsX4tl.jpg,data/images/orig/ext_ebfc50f59ddcea0c.jpg,108765
https://i.imgur.com/4dv2jsI.jpg,data/images/orig/ext_22ca1192e8dbbb0f.jpg,94004
https://i.imgur.com/5AjQb9c.jpg,data/images/orig/ext_ca7ea10459d7165b.jpg,193233
https://i.imgur.com/5GwX4bC.jpg,data/images/orig/ext_e3e5790febdfa238.jpg,250377
https://i.imgur.com/5kcAcon.jpg,data/images/orig/ext_90076812df7a6d6a.jpg,126164
https://i.imgur.com/6qC2pL9.jpg,data/images/orig/ext_0f87d2d32a1e0f85.jpg,125260
https://i.imgur.com/A7NxKoW.jpg,data/images/orig/ext_42dc2666dd49481a.jpg,19285
https://i.imgur.com/AjtgsAq.jpg,data/images/orig/ext_0f4f7d019bd57d33.jpg,101497
https://i.imgur.com/BAhOe9d.jpg,data/images/orig/ext_d0136c8261b69360.jpg,104178
https://i.imgur.com/Clb1lX1.jpg,data/images/orig/ext_67d806988c2abf92.jpg,42439
https://i.imgur.com/EJLa3KF.jpg,data/images/orig/ext_2c5d9499f59d7985.jpg,284862
https://i.imgur.com/Fi357jF.jpg,data/images/orig/ext_720b98e446d58003.jpg,290925
https://i.imgur.com/G155pvH.jpg,data/images/orig/ext_364122dde843aef6.jpg,63198
https://i.imgur.com/GeUsOZa.jpg,data/images/orig/ext_24419ec9c904a2f4.jpg,18530
https://i.imgur.com/Hp94Ds2.jpg,data/images/orig/ext_97bd75aabeeb589d.jpg,129353
https://i.imgur.com/IIKHS66.jpg,data/images/orig/ext_1bb752f0ad0af518.jpg,114932
https://i.imgur.com/IY6jOch.jpg,data/images/orig/ext_2745f2897e6ac1ae.jpg,50785
https://i.imgur.com/JDgECV1h.jpg,data/images/orig/ext_aad4ec6f9e9e6b07.jpg,112307
https://i.imgur.com/JuDWJJR.jpg,data/images/orig/ext_0859dedb5f0e68d6.jpg,11604
https://i.imgur.com/L9wt6cx.jpg,data/images/orig/ext_6723900e2bb9f519.jpg,283053
https://i.imgur.com/LSjklC3.jpg,data/images/orig/ext_196e390a4bfc3a83.jpg,106040
https://i.imgur.com/MCKRuvK.jpg,data/images/orig/ext_39a5a6e8a3411b17.jpg,104760
https://i.imgur.com/MxQOIwV.jpg,data/images/orig/ext_e6589aeb7fdda33c.jpg,185335
https://i.imgur.com/NBEZQN7l.jpg,data/images/orig/ext_a341004f88079eba.jpg,57565
https://i.imgur.com/NFEG5oP.jpg,data/images/orig/ext_795b80bccf37582b.jpg,81118
https://i.imgur.com/R7AZBx6l.png,data/images/orig/ext_6fedd246eb266b23.jpg,9927
https://i.imgur.com/Rdm7eL2l.jpg,data/images/orig/ext_0f359e13da71839b.jpg,72422
https://i.imgur.com/SA9lu7l.png,data/images/orig/ext_00f6d9eea7068eea.png,1634410
https://i.imgur.com/SJOiUSC.jpg,data/images/orig/ext_68fe8dd5f1df9d65.jpg,78284
https://i.imgur.com/Ta21YpF.jpg,data/images/orig/ext_f1cd21f709b71251.jpg,272527
https://i.imgur.com/U3SqBH9.jpg,data/images/orig/ext_a30cd56a0e941e85.jpg,88535
https://i.imgur.com/U9wjI8m.jpg,data/images/orig/ext_4262669b3adf1271.jpg,81925
https://i.imgur.com/XI9x8wv.jpg,data/images/orig/ext_6e31c370ad7de734.jpg,101583
https://i.imgur.com/XNydDkk.jpg,data/images/orig/ext_79ca04b4796ce8f7.png,50502
https://i.imgur.com/Zye0CKA.jpg,data/images/orig/ext_87d2449e128aa184.jpg,58944
https://i.imgur.com/a8xJKoA.jpg,data/images/orig/ext_86467aa16825dd1e.jpg,87158
https://i.imgur.com/bNAMaKu.jpg,data/images/orig/ext_bf5efd4c34b596c7.jpg,1212784
https://i.imgur.com/eRqnd8T.jpg,data/images/orig/ext_bc42e3ac8c72830b.jpg,141369
https://i.imgur.com/gAgOZ0g.jpg,data/images/orig/ext_29355ac021071f50.jpg,99734
https://i.imgur.com/gQ11YXv.jpg,data/images/orig/ext_28a00e0ee6651f0d.jpg,91433
https://i.imgur.com/lOrhu22.jpg,data/images/orig/ext_25e1ac682be69951.jpg,105797
https://i.imgur.com/ma5qUfC.jpg,data/images/orig/ext_93d6c551b274c240.jpg,22556
https://i.imgur.com/nuUXgF8.jpg,data/images/orig/ext_90683b8f297f17af.jpg,122241
https://i.imgur.com/oIyG1Yp.jpg,data/images/orig/ext_8dc7bca7e4e4cd79.jpg,83353
https://i.imgur.com/oWbQl1F.jpg,data/images/orig/ext_32d1ddd0cf19186b.jpg,250549
https://i.imgur.com/p0u0H8L.jpg,data/images/orig/ext_77a61863537efb5f.jpg,42964
https://i.imgur.com/q1U7rij.jpg,data/images/orig/ext_3420db5c7a7840e2.jpg,63478
https://i.imgur.com/qzPLw2i.jpg,data/images/orig/ext_5a0257e9e19347cc.jpg,95681
https://i.imgur.com/rhTdfvl.jpg,data/images/orig/ext_fc40d2b39e3f953a.jpg,136070
https://i.imgur.com/sGlVOE3.jpg,data/images/orig/ext_7f511c77b2677cb8.jpg,65896
https://i.imgur.com/t8upvFl.jpg,data/images/orig/ext_cd40a9f0cc15fefb.jpg,89145
https://i.imgur.com/uPAfzvPl.jpg,data/images/orig/ext_6694306d92786d9b.jpg,66024
https://i.imgur.com/uXkfl3g.jpg,data/images/orig/ext_775ced0c02d59c75.jpg,21961
https://i.imgur.com/udJSi2c.jpg,data/images/orig/ext_ca0598060e1fbe0c.jpg,65245
https://i.imgur.com/v4mFDqV.jpg,data/images/orig/ext_9ae724f8e7a84569.jpg,69283
https://i.imgur.com/ypc8auz.jpg,data/images/orig/ext_10a172cf56e32c3c.jpg,37445
https://i.pinimg.com/originals/cb/7c/af/cb7cafa2e28ff051db1ec277675a3718.jpg,data/images/orig/ext_9cf22633e204e405.jpg,60812
https://i.stack.imgur.com/6BUeB.png,data/images/orig/ext_a510caa2238b2366.png,2779
https://i.stack.imgur.com/RGkNc.jpg,data/images/orig/ext_cf4ab10c17ed4bd9.jpg,349128
https://i.stack.imgur.com/dX6Cy.jpg,data/images/orig/ext_a9bf934470447ee2.jpg,358689
https://i.stack.imgur.com/ePcO9.png,data/images/orig/ext_27690640802d2197.png,4889
https://imgur.com/AqUtMKch.jpg,data/images/orig/ext_5eba6e5a3a490935.jpg,108908
https://imgur.com/DrXrpf5h.jpg,data/images/orig/ext_c1af4a0e5b6424b5.jpg,114951
https://imgur.com/ieYu0rKh.jpg,data/images/orig/ext_d3895099ed4f725b.png,113730
https://imgur.com/yUssKZjh.jpg,data/images/orig/ext_b44670b23f2017ee.jpg,111251
https://lh3.googleusercontent.com/-7jk7f5QG9Nc/Tyg7GgJER2I/AAAAAAAABKg/w4oASkHZLLo/s800/IMG_0602.jpg,data/images/orig/ext_34c0be8f990ce02b.jpg,107207
https://lh3.googleusercontent.com/-AXQCXUR8cF0/Tyg6zzqvJHI/AAAAAAAABIY/FdxfAY4rrdc/s800/IMG_0585.jpg,data/images/orig/ext_92d9cab5f7feac4f.jpg,111607
https://lh3.googleusercontent.com/-Bpoe9j4bAdc/Tyg7FjvwL5I/AAAAAAAABKY/rM5rHtIIEUA/s800/IMG_0601.jpg,data/images/orig/ext_0b551781b40b61a2.jpg,141786
https://lh3.googleusercontent.com/-BzRFXIMpF2Q/TykWA_pyh8I/AAAAAAAABi8/lfYPlBisWgg/s800/IMG_0859.JPG,data/images/orig/ext_c69220583ee2edf8.jpg,148850
https://lh3.googleusercontent.com/-GVrJFy7LonE/TykVqrxbwII/AAAAAAAABgU/2KKM-iuf_E4/s800/IMG_0838.JPG,data/images/orig/ext_f6b5aa4115cf612c.jpg,114236
https://lh3.googleusercontent.com/-GuEs9VwIrg0/Tyg-MN-KIOI/AAAAAAAABfg/67MosBU1ZVU/s800/IMG_0832.jpg,data/images/orig/ext_488f5535d7ece1d3.jpg,130596
https://lh3.googleusercontent.com/-WXmZorjom3w/Tyg8LoOwjBI/AAAAAAAABTg/stLRPbUVXFc/s800/IMG_0736.jpg,data/images/orig/ext_8d5ddb8a9e9a092d.jpg,77961
https://lh3.googleusercontent.com/-X8BoPnJhXpU/Tyg6jI6KxuI/AAAAAAAABGY/dmTZnulUDNY/s800/IMG_0569.jpg,data/images/orig/ext_8ea72957f00f7e62.jpg,163681
https://lh3.googleusercontent.com/-Zpv5XjZj_iM/Tyg7z0WfWyI/AAAAAAAABQY/76BKvJHxEek/s800/IMG_0650.jpg,data/images/orig/ext_186834f019d4f2d3.jpg,111243
https://lh3.googleusercontent.com/-a6MNS9kZkgE/Tyg79lqY39I/AAAAAAAABRo/oGL0FkAPBeA/s800/IMG_0721.jpg,data/images/orig/ext_157f8d78c30d15df.jpg,95749
https://lh3.googleusercontent.com/-kzKVeu8jFWE/Tyg723Ff6ZI/AAAAAAAABQw/1jma59-azWw/s800/IMG_0653.jpg,data/images/orig/ext_b290d4423ef784d5.jpg,143791
https://lh3.googleusercontent.com/-l__ZUtx-nX4/Tyg8ImaMY9I/AAAAAAAABTQ/16q8Ih5BPi0/s800/IMG_0734.jpg,data/images/orig/ext_1b7ab08cd6d0cd85.jpg,53492
https://lh3.googleusercontent.com/-qBC3ufJyZNA/TykV_5zSLAI/AAAAAAAABi0/yIje6gPNTdQ/s800/IMG_0858.JPG,data/images/orig/ext_f156809b8b2c2f23.jpg,131877
https://lh3.googleusercontent.com/-xDcT6-y7_L8/TykVvXLM4BI/AAAAAAAABg0/n-hUDA3bkZo/s800/IMG_0842.JPG,data/images/orig/ext_f1f84cbd0e25528b.jpg,117413
https://lh3.googleusercontent.com/-yEUqD9rMK0A/Tyg7EkyMLiI/AAAAAAAABKQ/Ai8iFSbytcI/s800/IMG_0600.jpg,data/images/orig/ext_98d1eca7587bf260.jpg,96964
https://lh4.googleusercontent.com/--UIB5yrB_RE/Tyg8FAx3yCI/AAAAAAAABTA/ZXOkYpIdhIQ/s800/IMG_0730.jpg,data/images/orig/ext_1b0cd0d03a7e75b6.jpg,96004
https://lh4.googleusercontent.com/-ADLCqrSzkgA/Tyg5fJGDo0I/AAAAAAAABko/R_AHVUIUHvM/s800/IMG_3628.jpg,data/images/orig/ext_fd24a99cce70763b.jpg,135938
https://lh4.googleusercontent.com/-AVGjqxktmjE/Tyg7-ZFq8TI/AAAAAAAABR0/vpQOyCIA8nc/s800/IMG_0722.jpg,data/images/orig/ext_75dd4622cf0354de.jpg,93894
https://lh4.googleusercontent.com/-Ky5kaghq_EI/Tyg6-C7PWVI/AAAAAAAABJg/jKUjwCNLUmc/s800/IMG_0594.jpg,data/images/orig/ext_e534e17b1c512d09.jpg,151850
https://lh4.googleusercontent.com/-Me8FE3c5M44/Tyg9L4gIwRI/AAAAAAAABXo/6LupJoHJTK4/s800/IMG_0769.jpg,data/images/orig/ext_900dfa240c542276.jpg,134793
https://lh4.googleusercontent.com/-R9nS55ehrJ8/Tyg71ua525I/AAAAAAAABQo/m0vWm_wfnDo/s800/IMG_0652.jpg,data/images/orig/ext_4672c6f5cea450d2.jpg,119589
https://lh4.googleusercontent.com/-XPMAct73MMA/Tyg8THDD5cI/AAAAAAAABUk/FFh7YF5YX20/s800/IMG_0744.jpg,data/images/orig/ext_34359d4fa24fb863.jpg,43278
https://lh4.googleusercontent.com/-YskrMjjSucI/Tyg7en5lr3I/AAAAAAAABNg/UVaqiFimSfs/s800/IMG_0626.jpg,data/images/orig/ext_23f9e43d830df910.jpg,121544
https://lh4.googleusercontent.com/-YvxKECJlwGQ/Tyg8HqU9hmI/AAAAAAAABTI/Ok_erHG1NRw/s800/IMG_0733.jpg,data/images/orig/ext_c9283f907ecc57bb.jpg,125777
https://lh4.googleusercontent.com/-dlfFuMx5Nbs/Tyg6DPqnZnI/AAAAAAAABkk/m1mOh0URl5s/s800/IMG_5010.jpg,data/images/orig/ext_ca7ce36b714ac1a1.jpg,58532
https://lh4.googleusercontent.com/-gNCpU4UGnfM/Tyg9ji8hhCI/AAAAAAAABaY/ZTKjG5e5SD0/s800/IMG_0792.jpg,data/images/orig/ext_46c13e4e8dd2481f.jpg,109591
https://lh4.googleusercontent.com/-m8J7sQZobQE/Tyg-M_2M0YI/AAAAAAAABfo/GyWGmyLb1hg/s800/IMG_0833.jpg,data/images/orig/ext_49df8268d0b28dd8.jpg,130122
https://lh4.googleusercontent.com/-mExxgcQR2LU/Tyg7JSbG4jI/AAAAAAAABK4/FpEssaRceq4/s800/IMG_0605.jpg,data/images/orig/ext_1eaff72b2ef43984.jpg,120985
https://lh4.googleusercontent.com/-uSHqOeud2QU/Tyg9SVDOsVI/AAAAAAAABYY/ckTYML1pra0/s800/IMG_0775.jpg,data/images/orig/ext_b23c6003b7d1c6ce.jpg,124587
https://lh4.googleusercontent.com/-z0PRzQDcy8g/Tyg8A-88a-I/AAAAAAAABSM/d-_OxxjbDWI/s800/IMG_0725.jpg,data/images/orig/ext_201861ec54fbb46c.jpg,97044
https://lh4.googleusercontent.com/_bYWVxnVOXZM/TSIukThMjlI/AAAAAAAAE-0/6Omfs9xHmJ0/s912/Vocal%20Booth%20Structure%20with%20air%20duct%20cut.jpg,data/images/orig/ext_2f3c72371b82da11.jpg,69288
https://lh5.googleusercontent.com/-9NcD7Wmoop4/Tyg7siKCNjI/AAAAAAAABPY/CmCXwxeAbUI/s800/IMG_0642.jpg,data/images/orig/ext_b313a4340911fcb0.jpg,134786
https://lh5.googleusercontent.com/-Aw5xAcT9TxQ/Tyg8DI4UzqI/AAAAAAAABSg/4OUvBoEI-yU/s800/IMG_0728.jpg,data/images/orig/ext_fcdafe7cb335b63f.jpg,81193
https://lh5.googleusercontent.com/-B9l4LI2euyY/Tyg7p3wtMaI/AAAAAAAABPA/0L9TFd_06TY/s800/IMG_0639.jpg,data/images/orig/ext_257c57a1a34ee2b8.jpg,142595
https://lh5.googleusercontent.com/-SHV5aTyGzZU/Tyg8ZFx0xOI/AAAAAAAABVc/wdE9FXlLDXo/s800/IMG_0751.jpg,data/images/orig/ext_ef2426c507748a10.jpg,130830
https://lh5.googleusercontent.com/-UjkSOdwzkJU/Tyg7aZkHpFI/AAAAAAAABNA/1b0WSl2nOZA/s800/IMG_0622.jpg,data/images/orig/ext_2a4402c2b2079648.jpg,101051
https://lh5.googleusercontent.com/-WfQqa_fUoIw/Tyg9JGEoZUI/AAAAAAAABXU/xbrbKklUjKk/s800/IMG_0766.jpg,data/images/orig/ext_0d6c3015416413dd.jpg,138146
https://lh5.googleusercontent.com/-YAC7kcQkqyc/Tyg9rYhnk3I/AAAAAAAABbU/VPNmSbNRRuo/s800/IMG_0799.jpg,data/images/orig/ext_95e4019daf08944d.jpg,74244
https://lh5.googleusercontent.com/-_PgKBlb83Mg/Tyg9KLXQ1AI/AAAAAAAABXc/-oABlzJN_a8/s800/IMG_0767.jpg,data/images/orig/ext_a207180f9292447b.jpg,116379
https://lh5.googleusercontent.com/-aimRDn4_KeM/Tyg6fwEVkaI/AAAAAAAABGI/8WwsU1UIAoc/s800/IMG_0567.jpg,data/images/orig/ext_b60054ad202a7b01.jpg,116792
https://lh5.googleusercontent.com/-gSqb4jhCrYE/Tyg9ia3HcbI/AAAAAAAABag/NA1PQsUc-0k/s800/IMG_0791.jpg,data/images/orig/ext_48635a91e688171e.jpg,106880
https://lh5.googleusercontent.com/-kMpsl0HtSYA/Tyg8OvbqZwI/AAAAAAAABT4/J-8NX-nu6aQ/s800/IMG_0739.jpg,data/images/orig/ext_efbce25216027c50.jpg,88445
https://lh5.googleusercontent.com/-noBEiFhM2MI/Tyg7C66Rs6I/AAAAAAAABKA/zODhmjwHMGQ/s800/IMG_0598.jpg,data/images/orig/ext_6b839192863eadc9.jpg,111549
https://lh5.googleusercontent.com/-psD0Q8N7MX4/Tyg6B1BhWRI/AAAAAAAABC4/F2bpBpdJFn8/s800/IMG_5009.jpg,data/images/orig/ext_8181cbbbfedce6a0.jpg,72914
https://lh5.googleusercontent.com/-zly17tB_Hms/TykWB9uw5TI/AAAAAAAABjE/37gUvlyEzIw/s800/IMG_0860.JPG,data/images/orig/ext_2de9a793ee9641a1.jpg,141562
https://lh5.googleusercontent.com/_bYWVxnVOXZM/TY9mB3UOm7I/AAAAAAAAFaU/AcvduQbtC9M/IMG_0439.JPG,data/images/orig/ext_67cebb6253acc948.jpg,96822
https://lh6.googleusercontent.com/--oxPjIgi8Cg/Tyg9qrn_puI/AAAAAAAABbM/VG3Ir60RqmY/s800/IMG_0798.jpg,data/images/orig/ext_217f8dc454ad254e.jpg,67706
https://lh6.googleusercontent.com/-1QklSdWICRQ/Tyg77-fONII/AAAAAAAABRY/F2JO6sNu0ns/s800/IMG_0658.jpg,data/images/orig/ext_bb38b4a40f5af754.jpg,154806
https://lh6.googleusercontent.com/-1TIbznigJPY/Ty0NBETEpjI/AAAAAAAABkU/vX5xb936BVo/s800/Measurements%25201.jpg,data/images/orig/ext_d609f9d65de247c2.jpg,97142
https://lh6.googleusercontent.com/-6oIEFWJ4v8A/Tyg63VGwpKI/AAAAAAAABIw/iH6e-ISlqe8/s800/IMG_0588.jpg,data/images/orig/ext_c305c32ec73a6e99.jpg,118954
https://lh6.googleusercontent.com/-7QctCNECn8A/Ty0NBx0NHMI/AAAAAAAABkc/_09E6GBeBUk/s800/Measurements%25202.jpg,data/images/orig/ext_7598ed551823f8b7.jpg,71749
https://lh6.googleusercontent.com/-8HmZI_9bTjk/Tyg6RDi9bRI/AAAAAAAABEg/yP6R5cK2ipY/s800/IMG_0554.jpg,data/images/orig/ext_aa9179f924798989.jpg,147054
https://lh6.googleusercontent.com/-DvH8dZ5nHrE/Tyg6xbikACI/AAAAAAAABII/6JaIYWNqU74/s800/IMG_0583.jpg,data/images/orig/ext_e8e810f0f2e0dcfc.jpg,85081
https://lh6.googleusercontent.com/-TNaWCCAW-6I/Tyg8Z8qqcqI/AAAAAAAABVg/rdjPh4-1w_o/s800/IMG_0752.jpg,data/images/orig/ext_a65a9c696b4672f2.jpg,86111
https://lh6.googleusercontent.com/-XE_fOC80aaw/Tyg-JqgH7bI/AAAAAAAABfI/yZdXjzU-UAU/s800/IMG_0829.jpg,data/images/orig/ext_5d55b2941814039b.jpg,133206
https://lh6.googleusercontent.com/-YYyu83yqYRg/Tyg6fIOhz1I/AAAAAAAABGA/uy8oaKedTHU/s800/IMG_0566.jpg,data/images/orig/ext_cb51211670fc8c55.jpg,105652
https://lh6.googleusercontent.com/-b-gdAHZSKdg/Tyg9EQ3kNhI/AAAAAAAABWo/TBxSTYFB3mI/s800/IMG_0761.jpg,data/images/orig/ext_d074eac8649aaf61.jpg,113182
https://lh6.googleusercontent.com/-hT7Wdi2N2kE/Tyg78zhW-NI/AAAAAAAABRg/OuR95jVH0oI/s800/IMG_0659.jpg,data/images/orig/ext_8711ef0aad0545bb.jpg,102122
https://lh6.googleusercontent.com/-jV03tuzlMi4/Tyg6q4AynoI/AAAAAAAABHU/BvYcJyGyqqs/s800/IMG_0576.jpg,data/images/orig/ext_6e500540fe2ff11f.jpg,61634
https://lh6.googleusercontent.com/-nnXavWjGbVU/Tyg-KW_4tfI/AAAAAAAABfQ/Y_Vs3mibXJY/s800/IMG_0830.jpg,data/images/orig/ext_10007abe0ce5773c.jpg,140093
https://lh6.googleusercontent.com/-ojwUr-sokRg/TykVtkOa26I/AAAAAAAABgs/iBFJL5irw9I/s800/IMG_0841.JPG,data/images/orig/ext_aae6f58999c090d1.jpg,131091
https://lh6.googleusercontent.com/-xzf2SIdsies/Tyg7vpRvHDI/AAAAAAAABP4/wDvR81r0TIY/s800/IMG_0646.jpg,data/images/orig/ext_af5d690d3d1e69fe.jpg,106300
https://lh6.googleusercontent.com/-yvCwzFm1OwA/Tyg8GCeFwwI/AAAAAAAABS4/7rTYk_s-pvs/s800/IMG_0731.jpg,data/images/orig/ext_a3229c534d6370ca.jpg,89465
https://m.imgur.com/TQ5SI85h.jpg,data/images/orig/ext_2fbf30ac13714441.jpg,104855
https://masacoustics.it/wp-content/uploads/2015/07/Schermata-Grafico-Assorbimento-acustico.jpg,data/images/orig/ext_6f300b7f3615b605.jpg,88698
https://www.carpentry-pro-framer.com/images/floor-framing-on-wall.gif,data/images/orig/ext_336e3f9ff3c009cd.gif,21437
https://www.gp.com/build/images/products/osb_rbs.jpg,data/images/orig/ext_23faae64ce14d821.jpg,5174
https://www.oscar-acoustics.co.uk/content/Soundblox-Type-N_1.jpg,data/images/orig/ext_fdc357a4c2c8ec76.jpg,42606
https://www.sageaudio.com/photos/large/professional-music-mastering-large.jpg,data/images/orig/ext_25fdc5f865598a89.jpg,63264
https://www.sealco.co.nz/user/file/1780/cold-roof-v-warm-roof%202.jpg,data/images/orig/ext_34c09eb7fe8f91a2.jpg,35628
https://www.sonicscoop.com/wp-content/uploads/2017/02/New-Drum-Tube-Trap-Layout-Top-HF-Refelection.jpg,data/images/orig/ext_0c35f355707a6163.jpg,157050
https://www.thorlabs.com/images/tabimages/45mm_Isolator_780.gif,data/images/orig/ext_29b164674f17a9bb.gif,15881
